country_code,country_name,gdp_current_usd,gdp_per_capita,gdp_growth_rate,military_expenditure_usd,military_expenditure_pct_gdp,armed_forces_size,population_total,population_growth,political_instability_index,human_development_index,ethnic_fractionalization,polity_score,regime_type,nuclear_capable,global_peace_index,corruption_perceptions_index,year
AGO,AGO,677258025.375743,49165.298521530145,-4.493541358701842,122790794.69121973,2.7372527632295856,44181.6681973327,201296124.35456562,0.21250796183257137,-1.3632077538493474,0.6729775242064084,0.36328202504413004,-10,Autocracy,0,3.4035439446164335,61.94942624765143,2024
ALB,ALB,223309679.23194602,48544.937171288584,2.295227185437076,10995204.871638581,2.015814656512187,528199.5371879486,36723371.628895424,1.2029861642349726,0.01251952669888201,0.6985829727984428,0.7496042353985065,-10,Democracy,0,2.392045900695769,86.24650573508596,2024
ARG,ARG,1282840353.864767,25192.36662305988,5.986977034286108,2597178.5891033052,4.68701870245264,635380.8174325398,54111058.2101505,0.06659621859468046,0.7218547962872055,0.4310100196192774,0.3324443828243266,-2,Autocracy,0,2.8215378919819423,44.839200640146075,2024
AUS,AUS,98727266.6949326,36954.71850813913,6.733695481065767,5695816654.403528,3.382174819139955,29741.436251535994,16107031.355826147,1.4158493967869137,-0.9988123868632885,0.862243512800311,0.6311640078795457,-4,Autocracy,0,1.73103770971062,81.24280642185484,2024
AZE,AZE,216367577.2058017,46421.084874566695,7.584961758205113,23911049.28336074,4.826005840376628,2563.6585243912614,14735416.100331476,2.2846036922636115,-3.3684090251174483,0.7149755487211792,0.4505228005034688,-3,Democracy,0,2.1239972650193435,33.20425724968524,2024
BRA,BRA,1630322459.3608522,30719.896252201164,7.104238051465803,84461196.74923286,3.8098431760711153,12846.325177195678,46366545.39509404,2.0050046006342455,1.3645972166369553,0.9059290137717985,0.04964093154160692,-5,Autocracy,0,3.3784909312110387,63.56216460739863,2024
CAN,CAN,18081108435.21726,42549.75533415133,0.831943900195959,2371940.765046847,1.5070027382193931,57422.36751972305,110473882.80715081,4.758618671101507,-1.7733634534027662,0.7960559099965276,0.6083932407807062,6,Democracy,0,1.5552054705224747,77.72384469606251,2024
CHL,CHL,2254204644.7490106,36696.82776863488,4.983477061574489,55631966.34691367,0.7152746562816746,74763.14300430032,31858375.36818527,-0.6179882297501322,0.40910312299760676,0.5675164514587127,0.15843571393947362,7,Democracy,0,3.286104323718346,78.84428513733877,2024
CHN,CHN,142560639.62834483,50934.599605800686,4.260801631438797,119557005.22850344,4.12586101480154,2530.98837963431,118256590.26006448,0.8730370388171145,-0.16873763558851929,0.42782826952212,0.8336519656635665,2,Democracy,0,2.8237923214328053,44.310136630687225,2024
CZE,CZE,454037037.87476873,41022.4816479615,-0.007548808692162012,31987621.695913922,2.3274949122615105,87408.82045862779,3590929.654303283,2.0687435220605206,1.3182118825732454,0.8608302985656495,0.7945035296638471,-4,Autocracy,0,1.3218680071892828,58.990476441919,2024
DEU,DEU,152841643.99536976,53691.37377125354,-0.5655024962236048,19893963.841762647,3.901846320190616,10707.383347648274,45574476.60902693,5.9602061087458775,0.6740323635442262,0.4110289903812047,0.8014226165855008,0,Democracy,0,3.0198450750357084,33.289686218967844,2024
DZA,DZA,341242099.3306019,7055.241155091169,0.7345543868204136,173683721.1457518,4.324718711321257,264891.52723143983,64618662.52654458,-0.10318278656237956,0.02732933807790605,0.41729527528242116,0.6538470717036804,-1,Democracy,0,2.9244307684639637,59.294907693253656,2024
EGY,EGY,48406992.83332578,53028.77119534571,8.298150912156864,17267636702.145348,3.100446866484091,66082.3077782277,102450874.70060404,1.2694382835922302,-3.438055284355153,0.8224491581302666,0.6725021805797282,6,Autocracy,0,2.4238031967050815,71.68458939848364,2024
ETH,ETH,57550888517.577354,8920.511545772628,3.6257957969765906,455351405.9620772,1.0707976710166873,662651.8889708032,18523108.056139763,1.427132962988562,0.2675949482627189,0.4549918861160772,0.03019128427094203,3,Anocracy,0,2.385453138621997,73.34229047273357,2024
FRA,FRA,1276907282.8624847,32474.061831409377,-0.890501541503919,17638182.73322918,2.5127283567070493,101570.61270064255,22282945.7566217,3.4907214481557514,-3.967906067834663,0.8115313433994951,0.8127455877922639,-3,Autocracy,0,2.061431517964889,85.35752342930546,2024
GBR,GBR,584955885.4568487,32772.0003313311,-0.43001697325158217,78213084.09881872,0.5035527999194845,245846.3311326089,38109811.530055575,3.2491646186344876,-3.5278085397549432,0.7320653291106871,0.14753854885788248,8,Autocracy,0,1.428183526665599,71.91464730323347,2024
GRC,GRC,53646877.72479353,18507.100267890466,0.13833273476006314,162552080.30502462,3.596529466428576,39578.084479110075,3072338.1734839943,3.6447009417915073,-2.4277899729587524,0.8849445185174679,0.8026381902659515,9,Anocracy,0,2.4429290665599908,85.53682714650422,2024
HRV,HRV,90969904.60186516,52068.135229764004,3.0635207606336303,136823687.85640323,4.045689222969951,143004.24859427917,178843528.67921263,1.22704172425148,1.1475024334614066,0.5642013592901902,0.8313688181399836,-8,Anocracy,0,2.576398085864346,72.47196087845336,2024
HUN,HUN,7635593.327857747,26522.18055973939,3.5552034913558828,219931419.2699375,1.7973311204941533,3792.8664451546024,144956654.38937205,0.4557455663355534,1.114582505414714,0.6751638309166956,0.6110107580071867,8,Democracy,0,2.0722185783755265,65.65848041606392,2024
IDN,IDN,20295356.86399733,43764.30621447469,1.5330231312645743,19163636.01387079,1.685630505622317,255042.01045311434,59231906.060344845,1.6829246151670865,-2.6204897748302045,0.6837702331889828,0.22814437793147133,-10,Anocracy,0,2.417015262526165,44.80967943911703,2024
IND,IND,77358566.34780739,23178.239481066765,7.738313675084578,19316703.018907867,2.5323754798347706,248297.99755470804,516779.61659113516,-0.6862505352890822,1.2593629447323051,0.48705744083250396,0.4100947393977828,-6,Autocracy,0,1.9576734243162668,80.836934810731,2024
IRN,IRN,219925465.45098865,34314.98948913657,0.8187013794721061,53582244.109262876,2.5911026080032427,137806.1338080558,249318455.74205086,1.9538988878290675,-3.289229769433109,0.4075019152097346,0.2728975920467321,-2,Anocracy,0,1.7393820865508236,54.6957744618273,2024
ISR,ISR,6258149278.14519,25556.574813827858,-1.2924936048740152,25314613.537750255,1.1136699726325627,3131.2175384330662,186702236.47030643,-0.5275381544410847,-3.9492910236252365,0.8615643741717024,0.02879501412989225,-2,Anocracy,0,3.178161713175393,21.081319941315456,2024
JPN,JPN,31292278.001830976,26426.194232176804,1.3801838766550296,4530832.074895409,2.3719532358885873,27696.7923424256,38577614.18910731,7.597959060589319,-1.035054378689174,0.8025302891844961,0.34541213031616264,7,Anocracy,0,2.428034774036994,77.78715763427246,2024
KAZ,KAZ,1453659937.5901215,16876.548302901785,3.622418710917978,28111125.832628153,2.6735533499677038,3077.1171447188885,699797.3586089686,-1.4081058343955348,0.6901225865983847,0.8174476693699002,0.4307803834954724,-10,Anocracy,0,1.730757616387094,76.7761072340181,2024
KEN,KEN,81176563.19406858,5710.746618262396,4.739600517034635,533712638.65271235,3.7959865660870213,2328340.6177953677,6072700.235409113,4.733949292404827,-1.319380993190487,0.6600540936929663,0.5792186004658382,-5,Democracy,0,3.429877113149514,22.628662404203194,2024
KHM,KHM,1469494372.0970564,19302.281010550432,6.093651401215071,3713259.4373931116,0.9761016174086296,12856.450144521352,39362537.97626236,2.5296903023899047,-2.055188957003222,0.9375826212425613,0.033617642791999434,-10,Anocracy,0,1.8784474168952716,89.87557154263354,2024
KOR,KOR,189471885.92606786,53386.12944844264,3.2523140693484494,19754823.929461807,3.4152003717099606,24102.223438431633,11470096.280532492,-0.45440579731658604,-2.9716101260514853,0.44343932965142746,0.6239677216963428,-5,Anocracy,0,3.2844125082594964,81.59506945468615,2024
LAO,LAO,6540572158.068903,59984.60569935651,5.390498834427415,13949451.984644825,3.1390678056865893,217108.8563519045,32860511.05549161,1.6129290268069263,-2.444707997368081,0.4104102022813049,0.03230347607003919,-4,Democracy,0,2.0270225025242015,21.28601581766731,2024
MAR,MAR,378706396.59026575,16596.04592022487,4.391268383193191,758812959.7325073,3.892012704888869,1457.9093571363348,8617379.610661399,-2.0486869964122176,1.0338265800444084,0.5637205435760652,0.5937872764077754,-2,Autocracy,0,1.6850294509638688,42.03888087861148,2024
MEX,MEX,327382969.2668833,7449.844410170144,0.38833693306154027,16858146.67430748,2.54897937413871,407433.3389714366,230410391.79201883,-1.8946849482816286,0.53923150097184,0.5415510021208987,0.6241588533416884,-9,Democracy,0,3.107592367319258,47.917506884684016,2024
MYS,MYS,3433739066.817804,31566.526359214524,-1.841709060357248,13350793.572915157,4.1146853028220765,390635.70688638126,3548203.816835095,0.6800329086727448,-1.9812330245367265,0.7240360075665835,0.40898008724358703,8,Autocracy,0,1.0266807196220853,74.35902302496541,2024
NGA,NGA,102940932.7053797,49388.13536586431,3.4536953646195574,19749285.610656735,2.2019305274288508,120340.71498455397,41781229.33162649,2.827654646286638,-2.385686627547022,0.8465393039625742,0.48013062831566344,-4,Democracy,0,3.3553947925749834,82.1501544814887,2024
PAK,PAK,1383662005.8507671,6584.724719328405,5.3217053873973095,225915945.48057103,1.7212468470654416,2334037.44401214,14754761.705779962,0.0505176274281387,0.2352946680903294,0.9014012793544168,0.5872362555655418,-10,Anocracy,0,1.5862100169579247,53.645361981868625,2024
PHL,PHL,356943227.39761585,33333.80964528303,-1.061264024129276,285271948.9195771,4.768943364063458,58298.65524371856,12171246.61028751,0.8006726912820021,-0.5760125261152655,0.63957403690699,0.37336216527143545,-9,Democracy,0,1.7062468165524114,58.86118108531084,2024
POL,POL,9548891.9930735,43959.76776867427,5.282346515558537,73740082.00926097,4.7814918749929936,709313.0301573145,7037008.832174987,2.9892035523299683,-1.3123381587537803,0.6917602529587857,0.3741968822234166,-5,Autocracy,0,1.5992726956061118,46.08235725039559,2024
ROU,ROU,885028977.7706339,14205.398510089895,-0.23920216179418663,94153250.86235164,1.940837987318249,42189.848888122455,118974321.15712972,1.020309429091018,-2.5146129511492923,0.8440400916602027,0.6866936426607247,-3,Anocracy,0,2.5109517977070204,33.898000120774114,2024
RUS,RUS,910181961.1783595,29942.2931689745,5.5275416893650124,297200493.7910924,2.748282853994429,8597.545516928225,764784065.9709024,3.9458221407364737,-2.546899326437394,0.49444049393552847,0.47685050006586327,7,Anocracy,0,1.2948466871855837,65.84587731971251,2024
SAU,SAU,76405257.86872168,17356.143415863284,5.212877790391508,16002283.229703277,3.238572169282884,50791.92177056766,44584718.59711268,1.1245253551913508,-1.6225159191015646,0.9300997136534992,0.4850827870051085,-1,Autocracy,0,2.0069403358708326,22.534508304116947,2024
SRB,SRB,698174594.7867887,33292.90950358666,1.0868961168221052,130946152.55423748,1.874447447395419,18329.17286531196,289342035.8926534,3.5309966172778404,-2.819447333970066,0.8926091057707473,0.09503855642352686,8,Anocracy,0,1.9623968065938928,48.16062746534231,2024
SVK,SVK,48771014.82484245,47105.76050011255,1.1139892589074187,349316.47750554053,2.1934031762974895,22445.78960681833,17897968.463005412,0.7422040919152457,-2.831237184136439,0.8488184262661376,0.7223046733364652,-3,Anocracy,0,2.595231814491131,40.170649504418215,2024
SYR,SYR,18828910667.788612,14542.471854260866,1.6809001471925737,19958258.873334832,4.712565071930606,661.4359877461783,47296003.0076068,1.4543109073197384,-1.9899485802538255,0.5140053874023546,0.34001714151847034,5,Democracy,0,2.4429993660564033,24.61245155223809,2024
THA,THA,3377326189.3284426,11881.704823442604,4.971603303888161,49697370.72076997,2.1976339357206296,5348.017523774652,121840769.41125573,0.3005581570446074,-2.955937311903255,0.8184176196128226,0.014254263850386795,1,Democracy,0,1.265313546412256,68.2051536585073,2024
TUR,TUR,184660977.5087109,58729.91783960891,3.9279399990490194,91055015.2506516,4.1193712082998255,22082.64753882206,6325873.660131167,-0.003494865419432447,-0.5100920039619599,0.9364977882742231,0.6853129500925428,-5,Anocracy,0,2.316898219230538,42.69756116963794,2024
UKR,UKR,186691730.68021455,7106.577919919642,-1.8199055238529818,31160301.483396187,4.591545694076757,725159.5165245191,137087571.11722046,5.812261472747972,-1.8405157827078193,0.7672934209926393,0.03653638677213607,-8,Anocracy,0,3.446264917331725,20.746908890431392,2024
USA,USA,184537663.5275231,37553.105944459916,6.196128816778808,39189090.747754976,1.6331661590410926,66081.867791094,36664772.20068838,3.1363680066807955,-3.8680808677640584,0.8492828922415805,0.012554116822720307,-4,Democracy,0,2.740078517472784,43.97326534304129,2024
UZB,UZB,120596362.10048258,6923.765662594716,3.436281652217278,16071839.535706617,2.842949091803502,68644.8154807413,724403121.4062327,-1.7149575653268068,-3.841318584413995,0.5845564609331615,0.8784181417720448,5,Anocracy,0,2.4694885126659303,79.31077218748457,2024
VEN,VEN,28716144.640762858,26755.823036629085,4.503513793466005,67133279.02641802,3.619442939984905,190585.71067047224,60616921.68102097,5.080882479553347,-3.829975297699692,0.8556916427698296,0.7094476873537466,-2,Autocracy,0,1.5371365160624952,22.82311127360591,2024
VNM,VNM,5974101581.783605,12467.624284127449,1.4501574037196765,8482311.500656944,2.3830227372895614,89.21436929867751,263853721.812558,-1.1077860088950855,-2.2079670556747018,0.8768175735567818,0.6720689770183438,1,Anocracy,0,1.3273281303169437,68.73550052848907,2024
ZAF,ZAF,11131204900.825388,12761.389906261928,0.8543371446018364,54121437.7894079,4.213887810903421,48229.300966880415,223338974.08130193,3.3705801694219355,0.818453854026469,0.6374928054322516,0.707227635819915,-7,Anocracy,0,2.519898377080855,60.30496476225881,2024
