dyad_id,country_a,country_b,year,gdp_per_capita_a,gdp_per_capita_b,gdp_growth_rate_a,gdp_growth_rate_b,military_expenditure_pct_gdp_a,military_expenditure_pct_gdp_b,armed_forces_size_a,armed_forces_size_b,political_instability_index_a,political_instability_index_b,human_development_index_a,human_development_index_b,ethnic_fractionalization_a,ethnic_fractionalization_b,polity_score_a,polity_score_b,nuclear_capable_a,nuclear_capable_b,years_since_last_conflict_a,years_since_last_conflict_b,past_conflict_count_10yr_a,past_conflict_count_10yr_b,global_peace_index_a,global_peace_index_b,trade_dependency,contiguous_border,shared_alliance,distance_km,rivalry_score,diplomatic_tensions,news_sentiment_30d,hostile_event_count_30d,diplomatic_crisis_flag,conflict_occurred
60000,AGO,ALB,2023,7932.7287390676875,2087.267375227915,7.2060279777573655,4.561141245202436,4.253623972356133,2.7036681433603476,51875.31914213833,213765.92567839113,-1.9118382208676845,1.3529175012197658,0.6587603258224362,0.6902940499573564,0.899736874039648,0.7589726695369452,5,9,0,0,4,34,3,0,2.974661552588847,2.545865767613644,0.05654986971191123,0,0,6321.772469092164,0.3968893930890396,0.7435442696372946,-0.5520799154386705,1,0,0
60001,ALB,ARG,2023,31138.186777209987,10655.307400482903,6.984498161871999,5.737860967621321,1.6607277805410527,2.7118140162432196,139167.5477894642,11855.5373989261,-0.3639099851233407,-3.4622093601722925,0.9275794894281021,0.7936144586397713,0.7093438093221358,0.6336939246944732,-5,-3,0,0,5,42,4,4,2.345960467241083,2.1362068323883916,0.10464388076505993,0,0,3950.9072183830203,0.5097231716035652,0.37995995225975254,0.10961827257754223,2,0,0
60002,ARG,AUS,2023,34455.64891678273,45761.93595961175,2.8825136536717215,3.698581835893727,1.64139113453619,1.5262781760500896,6184.43516670193,14584.910934431193,1.9151506424656253,-2.148204108856296,0.4716781706862805,0.5094952720553768,0.5289329055073289,0.05763917147830966,-3,3,0,0,27,20,2,4,1.1326147029925708,2.3573159727494613,0.13003137402109533,0,0,1759.3411751075237,0.984957969625831,0.30972818372753186,-0.24263342467121843,6,0,0
60003,AUS,AZE,2023,44702.4794388567,41293.38245942003,0.17385257935555387,3.60606470951375,3.374267820121488,4.789940361954149,1469227.591883259,32694.796790899425,-0.33185792140970527,1.7843247807889355,0.45256594621443064,0.41240207184154754,0.05017463862329521,0.04716511781507893,-3,-10,0,0,29,22,4,4,1.2760237441918156,2.0487842733437924,0.15825088963131018,0,0,1156.3646835921197,0.7640368231674718,0.018037909504644456,0.026856615228195383,3,0,0
60004,AZE,BRA,2023,1825.2110764998197,52212.73604972156,3.2016103581306337,9.389391429249795,4.671448136680079,3.4930408015112704,499158.10694565513,456676.1374032033,-3.301909300855577,-1.8390270807172509,0.9325143602368514,0.9076115429553335,0.7956677666791663,0.40687965930507525,-4,-1,0,0,21,18,2,3,1.8911916771194686,1.4069402525634218,0.2445670158579536,1,0,8212.625763908032,0.10779224736554127,0.4875816033967161,0.08592011285446009,3,0,0
60005,BRA,CAN,2023,34829.55497286808,9554.388811974115,8.680425174264084,1.3299171744902247,4.801415194708338,3.8034886155390617,11188.70345540738,478408.1584229869,-3.2345411864998423,1.1559969183425096,0.7271579926381272,0.5844309541024145,0.7342697301711214,0.7223080809137616,1,1,1,1,43,49,4,1,2.6988795914317096,1.1677343315746969,0.2968528914757173,1,1,6602.077681030231,0.1705303893937753,0.8974190500781737,0.24351167148397965,4,0,0
60006,CAN,CHL,2023,23571.97754752011,17568.57906147624,3.995755343123662,4.978956896331749,0.8143786430809776,3.5492503194481735,25704.01002416554,22590.511862895746,-3.630741795190979,-2.3801581788672275,0.8226315891144831,0.8867584285009922,0.19937443671213034,0.4171930553330297,-9,-2,0,0,3,19,3,2,2.8420127668024975,2.503467464954465,0.32772672824678206,0,1,640.2152758007888,0.06629018744655024,0.36680588514000567,0.4954333382828877,4,0,0
60007,CHL,CHN,2023,22493.765498540026,20093.66611544366,2.9429587864216367,8.12835551246976,4.5629449117834815,2.275180841063774,1557.636464202418,5089606.939174733,-3.386654973208333,1.0671291878819291,0.7202966002851812,0.942337114115281,0.5727858693775641,0.7507004249396926,-4,-3,0,0,22,29,0,4,1.7229828799146742,3.0224443740342717,0.40018209422767265,0,0,3887.853802552018,0.6042595159869252,0.8271581484276234,-0.492070759999041,2,0,0
60008,CHN,CZE,2023,43256.922571066636,13217.332934923686,1.3565542898202152,1.8730990178479794,1.5250025372801064,3.127362202886069,4404.430385596477,11217.031247507313,-0.7769840703758266,-2.778786865109171,0.4856633925760414,0.8842320465804826,0.3903513325482789,0.37088424866928527,9,8,0,0,38,29,1,2,3.367926542108485,1.3398318684183015,0.2488247772526091,0,0,126.42715949585741,0.3255033381261354,0.14368762518421274,0.08800306257816877,1,0,0
60009,CZE,DEU,2023,36569.89021213558,20546.85382806636,8.47799163522314,-2.1650477247808677,0.8912280231151437,1.5032750385098912,295603.09676518105,32842.233215500935,-0.05029729944305572,-2.4171635503218547,0.4066384644153399,0.6854155503456163,0.5451835404230748,0.8665834446016287,1,-3,0,0,28,41,1,0,2.620366857622445,2.8705177959878188,0.4529868317546302,1,0,423.31689673133195,0.2146379629044286,0.6377028510419288,0.547499916554755,3,0,0
60010,DEU,DZA,2023,54089.63200446339,49507.725433546446,3.153324104630706,6.467783405643857,3.7700171116619563,4.741712152181361,491006.99099252315,135567.09542547667,-0.005707388457157236,-2.7175584276332683,0.7615253538359499,0.6335734568301522,0.13766568354516937,0.7257625373219169,-3,9,0,1,28,2,0,2,1.22456438143021,2.476884303382662,0.2996817758691328,0,0,15523.208551411959,0.05393258284087121,0.5165465103892622,-0.3576079025949557,0,0,0
60011,DZA,EGY,2023,36777.63763443721,12190.717817973658,3.0483626923819633,0.8773431441176811,4.810258870018264,4.345778584183259,20382.24363683586,14179.832080020535,-2.7406429461700172,-1.0487442432350575,0.4107857928608395,0.7692524048932377,0.4708423348358775,0.8087750354709929,0,-10,0,0,9,17,4,2,2.390590985064432,2.0285273294011636,0.47386640200315266,0,1,550.8803022728468,0.23063864021426395,0.7728739363818531,-0.2704109144526737,3,0,0
60012,EGY,ETH,2023,44068.15588849111,5722.488390344714,1.7799938428846689,5.143592073156507,0.7600468865893887,1.1329400265515004,109887.07675899962,22191.06332354291,-1.5787082751178696,-3.178200192734585,0.6787235223947834,0.4695999211580075,0.42895841067948637,0.6872537690654911,-3,-5,0,1,46,8,3,4,2.3048374101614426,1.3883582562750423,0.33330669329714246,0,0,38997.254926063186,0.03652037938137387,0.6202886525885849,-0.15126281237455594,2,0,0
60013,ETH,FRA,2023,18438.560713584386,58097.24719304389,2.2476028838251647,0.7554125548268749,2.3751267785306007,2.2343949487844537,138132.58573666244,685103.5805448072,-0.49946790890198933,-3.630659934400004,0.7604786332415703,0.40454591387022215,0.7019644144863537,0.5999724651701178,2,-3,0,0,13,34,3,4,3.1907308713098437,1.0476085231857295,0.36622731456686486,1,0,3579.8934606576795,0.43902924398044796,0.04488101647271803,-0.01752903569924647,0,0,0
60014,FRA,GBR,2023,7898.546387823439,13249.172653960444,5.4792099519915745,3.3549334443500083,3.2991326566340415,2.7758403425994995,14956.753576724632,109031.39105741716,-0.30625361990124045,-3.923461121755417,0.7823763106612546,0.6298995693061934,0.5090017349037483,0.584172541816996,7,-8,0,0,5,39,2,1,1.2812603330952288,1.2372105753689366,0.16650381652612212,0,0,4424.306768086623,0.5851216609271247,0.4429140980419636,-0.006730815594172047,4,0,0
60015,GBR,GRC,2023,49991.22536101698,58838.01246809273,2.826148374711847,2.161940173760024,1.1302016546040305,1.949362588923196,59455.805240843285,13326.220140517662,1.6601437922592899,-1.8094979602935957,0.9019213198586526,0.8292869915163619,0.679893545264023,0.5460476218040088,3,-3,0,0,2,40,1,0,2.285201739048183,3.0729544498747945,0.22189178964116785,0,0,3671.7152944968147,0.03820278375739106,0.615214896596914,-0.09962542400225861,2,0,0
60016,GRC,HRV,2023,23926.290594355734,14031.592859049992,3.9542044885837426,4.5027519872575725,3.2425038379727544,3.3959845534433786,8394.663249176978,2584.17090733133,-1.225831316513565,-1.6596036055142305,0.8749673517265302,0.9110935363588406,0.2731078948046456,0.7775422267139593,-6,2,0,0,16,29,1,4,3.187802480956236,1.0665064089914096,0.2809906708131896,0,0,736.1567968421977,0.7849556152865075,0.19203365236149617,0.4193477226371981,4,0,1
60017,HRV,HUN,2023,40865.945476965884,36658.69215399967,6.753298026726956,-1.4539065614544047,1.257038794416574,3.6223042382251984,15655.880210595964,917271.119991534,-1.7648352831832308,-2.4255530645755297,0.817846730774509,0.8255060672804337,0.41005473657015656,0.5507136762905918,1,3,0,0,17,35,0,4,1.5092934831941665,1.8509620941938727,0.23828397179000926,0,0,14593.68819242985,0.16537042551318593,0.9777128128254999,0.01591779387978571,3,0,0
60018,HUN,IDN,2023,30138.71561394683,34982.413964423875,5.59586926840575,0.3675479335331051,0.8775408228300918,0.7352436752249257,3589.7060949605334,38559.73763696247,-3.377351748191556,0.8775704323636226,0.42138053335917913,0.7624185366641085,0.24530197393386047,0.7843911126373138,-7,9,0,0,34,4,4,1,1.7037740519309388,1.6105842509101964,0.2801759870099809,0,0,2462.3948987261724,0.39177174201200315,0.5771222699144422,0.2816272927507452,2,0,0
60019,IDN,IND,2023,39996.004326538765,29644.769602529985,7.2512844768075455,-5.15122017189422,4.9626475745835315,4.67402606968569,242907.4482734528,15437.720477753954,1.0385883442316173,1.983021508554347,0.560934891721805,0.5967817092129715,0.8474698633366826,0.6400165662027809,3,-8,0,0,28,16,1,4,3.325916644753824,1.9115999775344574,0.42883019852112825,0,0,1802.1894421243576,0.10688529548906056,0.660118902996174,0.1537398652081708,1,1,0
60020,IND,IRN,2023,44878.92218273731,47783.49424289303,5.365274685743502,1.8603290782556012,3.801298231795761,3.3126205451464803,1463942.7364741927,119780.17259416691,-3.7517537051964407,-1.7266774580043682,0.41909388370114203,0.4561412086213539,0.5412696498032502,0.7864396390460281,9,-7,0,0,31,35,1,1,3.326323169185047,2.9991960341340036,0.21640078061315876,0,0,5479.166023773067,0.7043529564721301,0.802765671462038,0.3060145779829854,3,0,0
60021,IRN,ISR,2023,52874.755671296036,57673.79717067309,9.064715639652011,3.9487285735847584,3.1324673012261983,3.6016773595967972,186109.53011610595,2783223.014708319,0.07548200794564774,-2.4863262425389814,0.7227023400643635,0.837752228331086,0.4275710820452195,0.7139682690288615,7,-3,0,0,5,10,1,4,2.834800925719251,2.0276179838901456,0.17756588201285817,0,0,5081.345044185628,0.5441801159419536,0.5434698699813632,-0.3362541460696709,1,0,0
60022,ISR,JPN,2023,36494.5257822884,39739.65845841276,2.973795072307202,5.4259882964918615,3.3706872031084947,3.9612644128561434,40604.75778206131,134299.97047013405,0.9227677409498902,1.123690778087262,0.49470684708416485,0.5490297643291707,0.25706393971521935,0.24381830092218407,-6,0,0,0,37,26,2,4,1.01442665323242,2.0733069142604883,0.20394246342517947,0,0,2507.1100460320577,0.7020971883794911,0.7208932190520977,0.21575059990663115,3,1,1
60023,JPN,KAZ,2023,30316.622199108217,41373.67026243358,8.459315361937794,4.159758689715577,4.5901298485465425,4.738961510977423,907632.8256192021,44610.34181425863,-3.8592458696730736,-2.0235000557533427,0.6952775198838312,0.9009372117804718,0.7618988902188626,0.11474975400478715,-1,-8,0,0,36,43,2,2,2.0065285958504067,3.2257563927838007,0.19197444713148631,1,0,1113.2777754871684,0.12258315650718299,0.9279342012370215,0.5059788408066563,1,0,0
60024,KAZ,KEN,2023,41552.87924901856,20416.751931467104,2.0094909961771767,6.269361042612501,3.667711582975239,2.716348343092288,511468.5764414193,57243.08033788295,-1.298408839020171,-2.803715085936238,0.5692102980459851,0.42328397088506686,0.5701817642545532,0.2236821695343836,4,8,0,0,27,25,3,4,2.267325290192986,2.7184747817142867,0.31664174116649774,1,0,10876.004949638806,0.2964407247793972,0.28013411877537975,-0.13507601633348143,2,0,0
