year_start,year_end,conflict_id,conflict_name,location,side_a,side_b,type,deaths_total,deaths_civilians,intensity,issue
2021,2024,30000,Non_state_0,SAU,Group_0_A,Group_0_B,Communal,10360.623481138682,7488.196624517263,1,Resources
2008,2022,30001,Non_state_1,EGY,Group_1_A,Group_1_B,Communal,559.9066943738599,211.55867218615967,1,Power
2008,2010,30002,Non_state_2,GBR,Group_2_A,Group_2_B,Factional,10508.63651539457,3502.842915513962,1,Power
1998,2005,30003,Non_state_3,RUS,Group_3_A,Group_3_B,Communal,18331.762541141343,13763.773561653037,2,Resources
2005,2012,30004,Non_state_4,SAU,Group_4_A,Group_4_B,Factional,1293.6474173834354,821.023305111812,1,Resources
1981,1984,30005,Non_state_5,AUS,Group_5_A,Group_5_B,Communal,7694.233333135076,3602.415899772566,2,Power
2004,2005,30006,Non_state_6,AGO,Group_6_A,Group_6_B,Factional,947.3048813771326,398.19088681560953,2,Power
2012,2013,30007,Non_state_7,EGY,Group_7_A,Group_7_B,Factional,63.91634708147917,43.49526539308675,2,Resources
1996,2003,30008,Non_state_8,USA,Group_8_A,Group_8_B,Communal,2027.0320849313684,895.1567104529416,2,Resources
2001,2014,30009,Non_state_9,KAZ,Group_9_A,Group_9_B,Social,77607.54244233383,50328.996263581306,1,Power
2004,2014,30010,Non_state_10,SAU,Group_10_A,Group_10_B,Communal,436.5910821107685,148.11567884549837,2,Power
1995,2009,30011,Non_state_11,GBR,Group_11_A,Group_11_B,Factional,1973.3359698661577,1461.954803330571,1,Identity
2001,2013,30012,Non_state_12,CZE,Group_12_A,Group_12_B,Social,861.1845420329226,446.8024779731713,1,Power
2012,2017,30013,Non_state_13,KEN,Group_13_A,Group_13_B,Social,622.5586084772079,280.668795233164,1,Power
2009,2012,30014,Non_state_14,VEN,Group_14_A,Group_14_B,Factional,208.53611107511068,74.8125217235619,2,Power
2022,2023,30015,Non_state_15,SRB,Group_15_A,Group_15_B,Factional,319799.6768458598,179109.3811726643,2,Resources
2022,2024,30016,Non_state_16,BRA,Group_16_A,Group_16_B,Factional,14278.286286487522,5678.181471759825,1,Power
2016,2022,30017,Non_state_17,AGO,Group_17_A,Group_17_B,Communal,4885.136299391186,2372.395415151995,2,Resources
2003,2009,30018,Non_state_18,BRA,Group_18_A,Group_18_B,Social,990.2977810974638,683.0494853411918,1,Identity
2015,2024,30019,Non_state_19,DZA,Group_19_A,Group_19_B,Social,1808.1211979187785,1174.8519448805687,1,Identity
2010,2011,30020,Non_state_20,EGY,Group_20_A,Group_20_B,Social,868.8864636951088,672.458796200755,2,Resources
2010,2017,30021,Non_state_21,SVK,Group_21_A,Group_21_B,Factional,80839.35253357276,56350.46765755657,1,Power
1990,2003,30022,Non_state_22,KOR,Group_22_A,Group_22_B,Social,464.08929922487357,183.2121313280237,1,Identity
1986,1988,30023,Non_state_23,HRV,Group_23_A,Group_23_B,Social,395.62141834466956,221.78016963053503,1,Resources
2021,2024,30024,Non_state_24,DEU,Group_24_A,Group_24_B,Communal,929.712741972674,544.9435997940147,1,Identity
2000,2004,30025,Non_state_25,ISR,Group_25_A,Group_25_B,Social,1090.7352251798309,542.3959749747868,1,Resources
2012,2020,30026,Non_state_26,ETH,Group_26_A,Group_26_B,Communal,1798.7339828392276,577.0734539342875,2,Resources
1992,2000,30027,Non_state_27,EGY,Group_27_A,Group_27_B,Social,5619.484262859473,3527.4513619374407,1,Power
2014,2024,30028,Non_state_28,LAO,Group_28_A,Group_28_B,Communal,108.8187962422042,61.459369691616466,2,Resources
2007,2020,30029,Non_state_29,THA,Group_29_A,Group_29_B,Social,9157.791306687723,3744.5329586015773,1,Resources
2011,2021,30030,Non_state_30,MYS,Group_30_A,Group_30_B,Social,836.2851544733846,527.6375230622796,2,Power
2021,2023,30031,Non_state_31,GRC,Group_31_A,Group_31_B,Factional,63544.22750224947,28682.835120051568,2,Identity
1980,1989,30032,Non_state_32,IDN,Group_32_A,Group_32_B,Communal,6804.905491478263,2873.5089491196713,2,Identity
1983,1992,30033,Non_state_33,SVK,Group_33_A,Group_33_B,Social,150.21563202145646,109.43426818214317,1,Resources
1986,1991,30034,Non_state_34,GBR,Group_34_A,Group_34_B,Communal,1452.004809090681,1079.4500706321119,1,Identity
2016,2024,30035,Non_state_35,GRC,Group_35_A,Group_35_B,Communal,44865.09079073114,25790.352286204517,2,Identity
1999,2011,30036,Non_state_36,HRV,Group_36_A,Group_36_B,Factional,5683.50062857222,4357.696527287408,2,Resources
2016,2020,30037,Non_state_37,EGY,Group_37_A,Group_37_B,Communal,23870.997170560666,15962.213215664231,2,Power
1994,1997,30038,Non_state_38,AZE,Group_38_A,Group_38_B,Communal,4157.333182848819,1484.549964116119,2,Resources
1986,1994,30039,Non_state_39,ISR,Group_39_A,Group_39_B,Communal,641.3981952859865,243.65096633177708,2,Resources
2013,2022,30040,Non_state_40,LAO,Group_40_A,Group_40_B,Social,2432.4440180511874,1915.6556819323123,2,Power
1987,1997,30041,Non_state_41,POL,Group_41_A,Group_41_B,Factional,331.7401609342648,147.16950524434162,2,Resources
1997,2007,30042,Non_state_42,SYR,Group_42_A,Group_42_B,Factional,6423.072056676556,3067.065934809625,1,Power
1994,1998,30043,Non_state_43,IDN,Group_43_A,Group_43_B,Social,6172.979027487555,3118.2581420972997,2,Resources
1980,1993,30044,Non_state_44,AGO,Group_44_A,Group_44_B,Communal,5552.892495273817,2963.5435622795508,1,Resources
2002,2015,30045,Non_state_45,THA,Group_45_A,Group_45_B,Factional,112182.25755784819,63686.61561948149,2,Power
1988,1998,30046,Non_state_46,CHL,Group_46_A,Group_46_B,Communal,27757.189932422443,16166.362500060724,2,Power
2009,2010,30047,Non_state_47,DEU,Group_47_A,Group_47_B,Communal,2184.279775898336,715.0394655415436,2,Identity
2004,2007,30048,Non_state_48,CHN,Group_48_A,Group_48_B,Social,48807.226429995084,26410.20593266374,2,Identity
1989,2003,30049,Non_state_49,IRN,Group_49_A,Group_49_B,Social,9223.355465339604,5154.008567032328,2,Power
1987,1989,30050,Non_state_50,EGY,Group_50_A,Group_50_B,Factional,895.8400310705091,497.8745822992218,2,Identity
1984,1986,30051,Non_state_51,HUN,Group_51_A,Group_51_B,Communal,40702.89545912719,18089.168883715025,2,Identity
1989,1991,30052,Non_state_52,KEN,Group_52_A,Group_52_B,Social,132.5506815864924,100.03889324223395,1,Identity
1983,1996,30053,Non_state_53,BRA,Group_53_A,Group_53_B,Social,24251.383043641606,19305.00747511026,1,Power
2005,2013,30054,Non_state_54,IRN,Group_54_A,Group_54_B,Communal,142.46490977395118,110.96354320297249,2,Resources
2015,2022,30055,Non_state_55,UZB,Group_55_A,Group_55_B,Communal,253.7862876358306,197.69689813715414,1,Power
2010,2015,30056,Non_state_56,MYS,Group_56_A,Group_56_B,Social,1233.2108575271145,572.5824768966683,1,Power
1981,1987,30057,Non_state_57,MYS,Group_57_A,Group_57_B,Communal,118536.52832468243,81033.54997660322,1,Resources
1983,1986,30058,Non_state_58,CZE,Group_58_A,Group_58_B,Factional,2093.587880515607,1603.4071735347557,2,Resources
1996,1999,30059,Non_state_59,ALB,Group_59_A,Group_59_B,Communal,3633.100811638475,2779.331889931989,1,Power
2010,2020,30060,Non_state_60,SRB,Group_60_A,Group_60_B,Social,193990.24815746685,135942.49389368785,2,Power
1998,2006,30061,Non_state_61,KOR,Group_61_A,Group_61_B,Factional,37789.7903081258,18068.459814815247,2,Identity
1988,2002,30062,Non_state_62,MAR,Group_62_A,Group_62_B,Communal,9901.162242910477,3315.3581204463358,2,Resources
2014,2019,30063,Non_state_63,UZB,Group_63_A,Group_63_B,Factional,42151.19895728177,23840.740192589103,2,Power
2023,2024,30064,Non_state_64,IND,Group_64_A,Group_64_B,Factional,749.9683721496605,239.82395104642939,1,Resources
1988,2001,30065,Non_state_65,VEN,Group_65_A,Group_65_B,Communal,162.5797414104174,90.36105701658197,2,Resources
1998,1999,30066,Non_state_66,EGY,Group_66_A,Group_66_B,Communal,23948.611923291628,10983.541999875757,1,Resources
2001,2014,30067,Non_state_67,CHN,Group_67_A,Group_67_B,Factional,5947.390279691372,3468.288680242039,1,Identity
1992,2006,30068,Non_state_68,UZB,Group_68_A,Group_68_B,Social,14250.13772801278,6006.043750614962,1,Power
1982,1995,30069,Non_state_69,DZA,Group_69_A,Group_69_B,Factional,4978.655357141557,3179.619952352809,1,Resources
2012,2024,30070,Non_state_70,DZA,Group_70_A,Group_70_B,Factional,14192.700424428718,10436.399785560297,2,Resources
1993,2007,30071,Non_state_71,NGA,Group_71_A,Group_71_B,Factional,1586.5047650272184,633.7529512834873,2,Power
2023,2024,30072,Non_state_72,LAO,Group_72_A,Group_72_B,Factional,25134.019093009883,12303.175651634458,2,Power
1998,2000,30073,Non_state_73,IRN,Group_73_A,Group_73_B,Social,11881.113456552634,5499.186501368185,1,Resources
2004,2012,30074,Non_state_74,GBR,Group_74_A,Group_74_B,Social,3089.730698448566,974.9152874144172,2,Identity
1980,1986,30075,Non_state_75,ARG,Group_75_A,Group_75_B,Factional,99760.25104103051,65131.425365273695,1,Power
2006,2015,30076,Non_state_76,KHM,Group_76_A,Group_76_B,Factional,15211.58516984877,10885.758731557215,1,Power
2008,2011,30077,Non_state_77,UZB,Group_77_A,Group_77_B,Social,717.4843570426262,275.0706842276914,2,Resources
2002,2013,30078,Non_state_78,IND,Group_78_A,Group_78_B,Communal,572.1939492592321,429.872753310154,1,Resources
1996,2002,30079,Non_state_79,POL,Group_79_A,Group_79_B,Communal,6869.679083200468,2322.9904116784087,2,Identity
2012,2020,30080,Non_state_80,POL,Group_80_A,Group_80_B,Factional,36824.03483531671,23322.665508661637,2,Resources
2020,2024,30081,Non_state_81,TUR,Group_81_A,Group_81_B,Communal,1190.7916164896487,592.3040862371369,2,Resources
2004,2007,30082,Non_state_82,MYS,Group_82_A,Group_82_B,Communal,9887.566656375428,6898.000806144837,1,Power
1987,1992,30083,Non_state_83,AZE,Group_83_A,Group_83_B,Communal,1471.8760411351948,802.5029497815796,2,Identity
1981,1995,30084,Non_state_84,USA,Group_84_A,Group_84_B,Communal,62.34065118105331,31.29426763572394,1,Identity
2005,2017,30085,Non_state_85,GBR,Group_85_A,Group_85_B,Factional,1116.6937060855573,523.6271948684785,2,Power
2006,2016,30086,Non_state_86,PHL,Group_86_A,Group_86_B,Factional,5360.1601809390995,2586.404769848926,2,Resources
1993,1998,30087,Non_state_87,SYR,Group_87_A,Group_87_B,Factional,1925.0074660969212,1020.3156696402474,2,Power
2003,2016,30088,Non_state_88,JPN,Group_88_A,Group_88_B,Factional,2871.541877667388,1749.609143532068,1,Resources
2006,2018,30089,Non_state_89,CHN,Group_89_A,Group_89_B,Communal,4276.359836996868,1375.213800097938,2,Power
2008,2010,30090,Non_state_90,UZB,Group_90_A,Group_90_B,Social,7447.288914000623,3259.7897081794395,2,Resources
1993,2005,30091,Non_state_91,CZE,Group_91_A,Group_91_B,Factional,836.2508183892853,262.6627612770258,2,Power
2018,2024,30092,Non_state_92,MAR,Group_92_A,Group_92_B,Communal,388.0378747041579,294.576049161983,2,Power
2000,2004,30093,Non_state_93,ROU,Group_93_A,Group_93_B,Factional,3942.7027781526795,2971.739626671957,1,Power
2001,2009,30094,Non_state_94,KEN,Group_94_A,Group_94_B,Social,1191.8278564871935,813.8112485810327,2,Resources
2022,2024,30095,Non_state_95,CAN,Group_95_A,Group_95_B,Social,3418.4724849802565,1302.7514435428943,2,Resources
2022,2024,30096,Non_state_96,UKR,Group_96_A,Group_96_B,Communal,15099.651428872914,11959.821483835703,1,Resources
1982,1985,30097,Non_state_97,NGA,Group_97_A,Group_97_B,Social,441948.3613644861,338884.4884292895,1,Power
2011,2017,30098,Non_state_98,UKR,Group_98_A,Group_98_B,Communal,364.8810134161089,222.17845629662392,2,Power
2007,2012,30099,Non_state_99,PAK,Group_99_A,Group_99_B,Factional,13158.66070310753,6042.7989016496795,2,Resources
2016,2020,30100,Non_state_100,PAK,Group_100_A,Group_100_B,Social,891.522285590812,450.6346070056787,2,Power
1988,1999,30101,Non_state_101,BRA,Group_101_A,Group_101_B,Communal,533.3715689782839,288.8244682966011,2,Resources
2000,2011,30102,Non_state_102,HUN,Group_102_A,Group_102_B,Social,17662.350209139448,13793.308529954724,2,Power
2023,2024,30103,Non_state_103,SYR,Group_103_A,Group_103_B,Social,1216.6108835094149,655.7529894656366,1,Power
2004,2005,30104,Non_state_104,BRA,Group_104_A,Group_104_B,Social,554.487543377239,419.89294320114027,1,Power
1980,1993,30105,Non_state_105,VEN,Group_105_A,Group_105_B,Communal,3909.9018512880775,1611.9732976957862,1,Identity
1998,2006,30106,Non_state_106,UZB,Group_106_A,Group_106_B,Social,40227.98780160926,29667.893361252954,2,Resources
2020,2023,30107,Non_state_107,MAR,Group_107_A,Group_107_B,Factional,9.025415299323472,4.436733818142382,2,Identity
2013,2022,30108,Non_state_108,ISR,Group_108_A,Group_108_B,Communal,1148.4475635607812,636.87928246563,2,Power
2006,2017,30109,Non_state_109,AZE,Group_109_A,Group_109_B,Factional,4831.0627759538365,2774.5622175045755,1,Resources
1990,2002,30110,Non_state_110,UKR,Group_110_A,Group_110_B,Social,3611.9767971793963,2700.1064769194386,2,Identity
2021,2024,30111,Non_state_111,VNM,Group_111_A,Group_111_B,Communal,2212.962933113346,1153.3893549925576,2,Resources
2010,2022,30112,Non_state_112,ARG,Group_112_A,Group_112_B,Social,9298.463854798245,6828.796949675028,2,Power
1981,1989,30113,Non_state_113,ETH,Group_113_A,Group_113_B,Social,74.09799678905395,24.304228490687006,1,Identity
2005,2006,30114,Non_state_114,AUS,Group_114_A,Group_114_B,Communal,4658.677586500443,2423.0288205501984,1,Resources
2001,2012,30115,Non_state_115,CZE,Group_115_A,Group_115_B,Factional,148.77651852795256,117.75810203696338,1,Power
1990,2001,30116,Non_state_116,BRA,Group_116_A,Group_116_B,Communal,787.8636792511189,500.2751148930729,1,Resources
2010,2016,30117,Non_state_117,ROU,Group_117_A,Group_117_B,Social,1114.4322133817404,582.6467815990353,2,Resources
2015,2017,30118,Non_state_118,CAN,Group_118_A,Group_118_B,Social,240.42561141413,123.8403363259154,2,Power
2000,2012,30119,Non_state_119,EGY,Group_119_A,Group_119_B,Social,8696.853085880646,2828.4582682879395,1,Resources
2012,2017,30120,Non_state_120,SVK,Group_120_A,Group_120_B,Social,45985.28635766492,33491.36769670525,2,Resources
1980,1992,30121,Non_state_121,AZE,Group_121_A,Group_121_B,Communal,3050.915186852291,1666.9916020041396,2,Power
1982,1983,30122,Non_state_122,HUN,Group_122_A,Group_122_B,Factional,8063.905018429723,3887.290314318992,2,Identity
1996,2008,30123,Non_state_123,USA,Group_123_A,Group_123_B,Social,8542.981538580874,6121.021235276444,1,Power
1996,1998,30124,Non_state_124,ROU,Group_124_A,Group_124_B,Social,1406.9229066034636,732.900635914712,1,Resources
1999,2005,30125,Non_state_125,JPN,Group_125_A,Group_125_B,Communal,634.1489301832082,268.24491512541306,1,Power
2007,2020,30126,Non_state_126,FRA,Group_126_A,Group_126_B,Social,141607.793049577,100074.71543937635,2,Resources
2010,2021,30127,Non_state_127,DZA,Group_127_A,Group_127_B,Communal,162.45866792301334,64.03998921350795,1,Power
2000,2010,30128,Non_state_128,GBR,Group_128_A,Group_128_B,Factional,5654.687317474162,4303.181638847386,2,Power
2010,2021,30129,Non_state_129,VEN,Group_129_A,Group_129_B,Factional,35995.508787724386,19605.363264704403,1,Resources
2014,2023,30130,Non_state_130,RUS,Group_130_A,Group_130_B,Social,2930.9089243216927,1869.2346012248559,2,Identity
2016,2024,30131,Non_state_131,VNM,Group_131_A,Group_131_B,Social,399.51197283075766,159.2267030628739,2,Resources
2007,2008,30132,Non_state_132,TUR,Group_132_A,Group_132_B,Factional,7885.344013096662,5715.2980305908995,1,Power
2000,2013,30133,Non_state_133,CHN,Group_133_A,Group_133_B,Factional,206.42638417195758,131.51290230299816,2,Resources
2021,2024,30134,Non_state_134,GRC,Group_134_A,Group_134_B,Factional,5266.718145613661,2010.855163100486,2,Power
1998,2005,30135,Non_state_135,CHN,Group_135_A,Group_135_B,Social,2841.419249381336,2254.8083674197787,1,Power
1990,1991,30136,Non_state_136,ETH,Group_136_A,Group_136_B,Factional,149105.1994640587,66072.9151238169,2,Power
2010,2023,30137,Non_state_137,VEN,Group_137_A,Group_137_B,Communal,3763.865895082933,1245.1018658784278,1,Resources
2005,2011,30138,Non_state_138,THA,Group_138_A,Group_138_B,Communal,41617.99033736608,18757.057523192696,1,Power
2002,2008,30139,Non_state_139,AZE,Group_139_A,Group_139_B,Factional,6146.4488575972455,4827.015352549077,1,Resources
2018,2024,30140,Non_state_140,AUS,Group_140_A,Group_140_B,Factional,516573.35380895576,246868.63079302115,1,Identity
2000,2004,30141,Non_state_141,HRV,Group_141_A,Group_141_B,Communal,1189.6090001450582,407.982585549533,2,Power
1994,1999,30142,Non_state_142,AUS,Group_142_A,Group_142_B,Social,12271.838368926235,7689.145722560936,2,Power
1983,1984,30143,Non_state_143,TUR,Group_143_A,Group_143_B,Factional,23783.10543101155,10538.58306730698,1,Resources
2010,2021,30144,Non_state_144,TUR,Group_144_A,Group_144_B,Communal,220.34474537847518,164.9001187177666,1,Identity
2004,2005,30145,Non_state_145,POL,Group_145_A,Group_145_B,Communal,5333.760957830047,1958.0301183417891,1,Identity
1982,1989,30146,Non_state_146,IND,Group_146_A,Group_146_B,Communal,454.8789315726901,194.69299830291095,1,Identity
2010,2015,30147,Non_state_147,KEN,Group_147_A,Group_147_B,Factional,100.36402356256606,73.83447966501754,1,Resources
1982,1983,30148,Non_state_148,HUN,Group_148_A,Group_148_B,Social,1116.131780983121,602.407003626697,2,Power
1993,2005,30149,Non_state_149,GBR,Group_149_A,Group_149_B,Factional,23207.24921666825,16628.06618260307,1,Resources
