dyad_id,country_a,country_b,contiguity,colonial_history,shared_alliance,trade_flow,distance_km,rivalry,past_conflicts,years_since_last_conflict,conflict_history,major_power_dyad
50001,AGO,ALB,0,0,1,9670.526814260349,14399.898527776473,0,0,999,False,0
50002,AGO,ARG,0,0,1,7635.790688665726,1850.7182639307057,1,0,999,False,0
50003,AGO,AUS,0,1,0,6343.636888716872,1049.9448660274873,1,1,36,True,0
50004,AGO,AZE,0,0,0,6624.340117010681,586.2304158872744,0,0,999,False,0
50005,AGO,BRA,1,1,0,7610.079234953921,396.9571317805382,0,0,999,False,1
50006,AGO,CAN,0,0,1,3863.231730764659,269.1070618264873,0,3,27,True,0
50007,AGO,CHL,0,1,0,5059.579077349316,1618.8082844052208,2,1,1,True,0
50008,AGO,CHN,0,0,0,2824.960659728523,8345.499457680875,0,0,999,False,1
50009,AGO,CZE,0,0,1,8888.874240036297,354.9358942809836,0,2,40,True,0
50010,AGO,DEU,0,0,0,2952.4180248964217,4107.085049918608,1,0,999,False,0
50011,AGO,DZA,1,0,0,7739.062217706652,14585.110385166303,0,0,999,False,0
50012,AGO,EGY,0,1,0,5467.005205567683,1450.1666553431094,0,0,999,False,0
50013,AGO,ETH,0,0,0,2035.7837754636043,2857.9633360910966,1,0,999,False,0
50014,AGO,FRA,0,0,0,4159.439045818551,2142.6838967237204,0,0,999,False,0
50015,AGO,GBR,1,0,0,3709.410081577652,26624.784592511885,0,2,37,True,0
50016,AGO,GRC,1,0,0,5837.727805141117,225.84437899717884,2,0,999,False,0
50017,AGO,HRV,0,0,0,7590.05282521931,3133.7695516093436,0,0,999,False,0
50018,AGO,HUN,0,0,0,8035.181084349343,710.3335690539526,0,2,24,True,0
50019,AGO,IDN,0,0,0,2133.9334797568954,725.5290752361124,0,2,17,True,0
50020,AGO,IND,1,0,0,1630.35336931591,5890.055518986529,0,1,45,True,0
50021,AGO,IRN,0,0,0,7036.9977962905095,2723.2097341870995,0,0,999,False,0
50022,AGO,ISR,1,0,0,7184.539473225501,5896.963016862678,1,1,33,True,0
50023,AGO,JPN,1,0,1,8087.899845635385,14489.695404763595,0,1,35,True,1
50024,AGO,KAZ,0,0,1,8506.802606048463,28011.604618673744,2,0,999,False,0
50025,AGO,KEN,0,0,0,3906.821109859392,1720.290441229244,1,0,999,False,0
50026,AGO,KHM,0,0,0,4327.668795992627,436.94705825567786,0,2,5,True,0
50027,AGO,KOR,0,1,0,6714.791486672069,503.6121708684212,0,0,999,False,0
50028,AGO,LAO,0,0,0,9803.687409421851,6512.327826758731,0,0,999,False,0
50029,AGO,MAR,1,0,0,7378.849848346062,1136.6766284202824,0,0,999,False,0
50102,ALB,ARG,0,0,0,2874.616648972501,38264.64361626123,0,0,999,False,1
50103,ALB,AUS,0,1,0,4303.747496907932,1633.3880989100505,0,1,39,True,0
50104,ALB,AZE,1,0,0,7066.298698787095,49315.566677019284,0,1,22,True,0
50105,ALB,BRA,0,0,1,1059.0580440375763,6817.2702414379855,0,0,999,False,0
50106,ALB,CAN,0,0,0,9362.671394132192,4968.55247722299,0,1,25,True,1
50107,ALB,CHL,1,0,0,2146.6786397253677,2871.204595942246,0,0,999,False,0
50108,ALB,CHN,1,0,0,4344.033190066098,70158.73519953681,0,2,21,True,0
50109,ALB,CZE,0,0,0,7140.527233781268,5109.079723794476,0,0,999,False,0
50110,ALB,DEU,0,0,0,4589.405165968204,6987.7410529888275,0,0,999,False,0
50111,ALB,DZA,0,0,1,3832.8423964220137,192.24843519417607,0,1,18,True,0
50112,ALB,EGY,0,1,0,7707.425309055517,2745.688240417174,0,0,999,False,0
50113,ALB,ETH,0,0,1,6664.630475268357,2108.433300863464,0,1,39,True,0
50114,ALB,FRA,0,0,1,640.0634660862092,26367.592941139457,1,1,40,True,0
50115,ALB,GBR,0,0,0,561.7607734743901,9796.241299195739,0,0,999,False,0
50116,ALB,GRC,0,0,0,1604.6261427122643,2907.928859485936,0,0,999,False,0
50117,ALB,HRV,1,0,0,8058.445326178331,49238.10013382388,0,1,7,True,0
50118,ALB,HUN,1,0,0,8093.243982852624,151.63961707201224,0,0,999,False,0
50119,ALB,IDN,0,0,0,9035.584434325303,4733.363181460589,0,0,999,False,1
50120,ALB,IND,0,0,0,2959.4288885865662,117.34272836896054,0,0,999,False,0
50121,ALB,IRN,0,0,0,8629.723989869626,26705.02957656417,0,1,47,True,0
50122,ALB,ISR,0,0,1,1214.9539108776542,3795.5219548981518,0,0,999,False,0
50123,ALB,JPN,0,0,0,2437.294825243418,812.3372106910019,0,0,999,False,0
50124,ALB,KAZ,0,0,0,6964.298070361072,474.0668165107676,0,3,9,True,0
50125,ALB,KEN,0,0,0,5325.040664159818,4349.234475426666,0,0,999,False,0
50126,ALB,KHM,0,0,0,8956.747776187787,753.4577632557651,0,0,999,False,0
50127,ALB,KOR,0,0,0,4742.550209769536,62501.3469320334,0,0,999,False,0
50128,ALB,LAO,1,0,1,8213.883629006943,12552.99788593593,1,0,999,False,0
50129,ALB,MAR,1,0,0,8549.740195614744,2604.0231371245886,0,0,999,False,0
50203,ARG,AUS,0,0,0,1817.2329322815651,13836.680780933504,0,1,48,True,1
50204,ARG,AZE,1,0,0,9892.177539577502,2695.905143050418,0,0,999,False,0
50205,ARG,BRA,0,0,0,7087.6565522915425,1265.1407601601536,0,1,4,True,0
50206,ARG,CAN,0,0,0,1036.7858073427649,3483.9021471405167,0,1,49,True,0
50207,ARG,CHL,0,0,0,146.28258877675714,1250.6531052876649,0,0,999,False,0
50208,ARG,CHN,0,0,0,1586.7887368968493,7776.831770458866,0,0,999,False,0
50209,ARG,CZE,1,0,0,7127.77676216831,330.52696803751076,0,2,22,True,0
50210,ARG,DEU,0,0,1,7243.4440632953965,5265.446928836556,0,0,999,False,0
50211,ARG,DZA,0,1,0,5493.426449027576,33309.94428981103,0,0,999,False,0
50212,ARG,EGY,0,0,0,2784.57546373573,14172.979511473603,0,1,1,True,0
50213,ARG,ETH,1,0,0,6989.488284873856,6279.195218569711,0,1,32,True,0
50214,ARG,FRA,0,0,1,2433.9668321853046,1330.0131857891915,0,0,999,False,0
50215,ARG,GBR,1,0,0,943.2742629104363,3295.6990735349773,0,2,40,True,1
50216,ARG,GRC,0,1,0,7481.839120488464,5181.766206690966,2,1,38,True,0
50217,ARG,HRV,0,0,0,3604.268271414861,4786.658751772126,0,0,999,False,0
50218,ARG,HUN,0,0,0,7643.5338643642735,22078.39641817459,0,0,999,False,1
50219,ARG,IDN,1,0,0,3905.936075817822,7666.571687642064,0,1,35,True,0
50220,ARG,IND,1,0,0,5968.518768877594,5174.375525685805,0,1,2,True,1
50221,ARG,IRN,1,0,1,5040.03763596326,127.73531080037614,1,3,4,True,1
50222,ARG,ISR,1,0,1,6316.435150828916,3775.0612527334806,2,0,999,False,0
50223,ARG,JPN,1,0,0,2041.66559168243,1437.218115209465,0,0,999,False,0
50224,ARG,KAZ,1,0,0,249.66222120057168,2278.50627226553,0,0,999,False,0
50225,ARG,KEN,0,0,0,5726.072328820224,444.9574630407746,0,2,28,True,1
50226,ARG,KHM,0,0,0,317.43765372988616,887.8891443854656,0,0,999,False,1
50227,ARG,KOR,0,0,1,1966.535849529587,2383.8979020675056,0,2,43,True,0
50228,ARG,LAO,0,0,0,6030.395550532833,7138.447300152688,0,1,35,True,0
50229,ARG,MAR,0,0,0,8918.931032565626,3773.444503839066,0,0,999,False,0
50304,AUS,AZE,0,0,0,2685.621674536426,231.98671355803833,0,1,7,True,0
50305,AUS,BRA,0,0,0,3553.197484738877,1488.8755810926434,0,0,999,False,0
50306,AUS,CAN,1,0,0,8646.589218581401,167.81305622235467,0,0,999,False,1
50307,AUS,CHL,0,0,0,6239.984855289824,2379.9712044500084,0,0,999,False,0
50308,AUS,CHN,0,0,1,569.7872699736828,503.3114580178379,0,0,999,False,0
50309,AUS,CZE,0,0,0,1263.564813145106,91.56648990234707,0,1,40,True,0
50310,AUS,DEU,0,0,0,4925.6907075329755,19347.86919556406,0,2,26,True,1
50311,AUS,DZA,0,0,0,1260.0202786399427,2716.213206959719,0,0,999,False,1
50312,AUS,EGY,0,0,0,6447.452485768186,4644.489458358109,0,0,999,False,0
50313,AUS,ETH,0,0,0,2187.098003235832,306.4443509334836,0,0,999,False,1
50314,AUS,FRA,1,1,0,1430.011226657264,18526.15374132342,0,0,999,False,0
50315,AUS,GBR,1,0,0,6727.646144124667,1380.5061043908076,0,0,999,False,0
50316,AUS,GRC,0,0,0,6002.8146052803695,2390.001814469368,0,2,39,True,0
50317,AUS,HRV,0,0,0,9485.029432181947,1340.782316987931,1,0,999,False,0
50318,AUS,HUN,1,0,0,7605.756424552823,2787.4576668034993,0,2,47,True,0
50319,AUS,IDN,0,0,0,6743.996518139816,482.55139863014915,0,3,32,True,0
50320,AUS,IND,0,1,0,5012.756446257294,130.82108034467706,1,1,19,True,0
50321,AUS,IRN,0,0,0,7245.98286847629,39618.24306585339,0,0,999,False,0
50322,AUS,ISR,0,0,1,3920.935769045727,1335.4149806705304,0,0,999,False,0
50323,AUS,JPN,1,1,0,3180.495725509187,5103.492699299847,0,1,21,True,0
50324,AUS,KAZ,0,0,0,3322.055709473216,18263.791313396854,0,0,999,False,0
50325,AUS,KEN,0,0,0,3504.132500101974,38339.67382055107,1,0,999,False,0
50326,AUS,KHM,0,0,0,4356.447904565099,1100.658293000645,0,0,999,False,0
50327,AUS,KOR,0,0,1,1857.3307200518564,11185.791311297218,0,1,42,True,1
50328,AUS,LAO,0,0,0,1504.7227100599748,2744.0841315700677,0,0,999,False,0
50329,AUS,MAR,0,0,0,5778.911126940883,6169.160353447351,1,0,999,False,1
50405,AZE,BRA,1,0,1,2494.582042932323,8871.685064195224,0,1,16,True,0
50406,AZE,CAN,0,0,0,7297.119064974222,5795.9225866431125,1,0,999,False,0
50407,AZE,CHL,0,0,0,6821.53161561635,9543.836439450544,0,2,22,True,0
50408,AZE,CHN,0,0,0,5814.171055820206,23343.92682045554,0,0,999,False,1
50409,AZE,CZE,0,0,0,9426.591769666305,2272.9264248723002,0,0,999,False,0
50410,AZE,DEU,0,0,0,2262.7525081659983,1882.1044711271645,1,0,999,False,0
50411,AZE,DZA,1,0,1,7894.922984240523,5371.682733977119,0,1,30,True,0
50412,AZE,EGY,1,0,0,503.4952696935324,32394.8590160747,0,1,39,True,0
50413,AZE,ETH,0,0,0,5776.317543444226,15123.976040877436,1,0,999,False,0
50414,AZE,FRA,0,0,0,2090.59373706846,1470.4342175938866,0,0,999,False,0
50415,AZE,GBR,1,0,0,8084.05738893691,1608.182742839246,0,0,999,False,0
50416,AZE,GRC,0,0,0,6016.821640182961,16828.869300949173,1,2,6,True,0
50417,AZE,HRV,0,0,0,9281.018355097865,1540.7978280070702,0,0,999,False,0
50418,AZE,HUN,0,0,0,5506.633794408515,6799.124463225592,0,1,47,True,1
50419,AZE,IDN,1,1,0,7500.284121421912,98709.25425496,0,1,17,True,0
50420,AZE,IND,0,0,1,1562.8370954977622,55985.334212825255,0,0,999,False,0
50421,AZE,IRN,0,0,0,9581.180089194339,5066.075809388787,1,1,3,True,1
50422,AZE,ISR,0,0,0,6774.380712282945,2030.635662986086,0,1,16,True,0
50423,AZE,JPN,0,0,1,2371.444659777112,4365.060898014263,0,1,45,True,0
50424,AZE,KAZ,0,0,1,2152.044797331928,1705.9333133692228,1,0,999,False,0
50425,AZE,KEN,1,1,0,7283.70854339646,21205.542676482135,1,1,43,True,1
50426,AZE,KHM,1,0,1,257.69598764351144,508.6575700008132,0,0,999,False,0
50427,AZE,KOR,0,0,0,8871.193172236985,2547.658833844979,1,1,49,True,0
50428,AZE,LAO,0,0,0,7242.325476119492,51.664960512007355,0,0,999,False,0
50429,AZE,MAR,0,0,0,2338.128330930641,6228.0060110449485,1,1,25,True,0
50506,BRA,CAN,0,0,0,286.52427577654515,1742.2905427353046,0,0,999,False,0
50507,BRA,CHL,0,0,0,5662.1501575261655,113972.95735112703,0,1,47,True,0
50508,BRA,CHN,0,0,0,1633.3664808905723,20962.067801138255,0,0,999,False,0
50509,BRA,CZE,0,0,0,505.5918795953895,342.8295418149431,0,0,999,False,0
50510,BRA,DEU,1,0,0,5527.6236803358315,10785.912336534573,0,1,37,True,0
50511,BRA,DZA,1,0,0,3465.587598165476,675.5850535707096,0,0,999,False,1
50512,BRA,EGY,0,0,0,9760.326986002037,2067.602842310835,0,0,999,False,0
50513,BRA,ETH,0,0,0,8751.18044558047,1543.9841021133266,0,0,999,False,0
50514,BRA,FRA,0,0,0,349.39246405988445,5077.363436389741,2,0,999,False,0
50515,BRA,GBR,0,0,0,3518.050064103525,3182.093893421143,0,0,999,False,1
50516,BRA,GRC,0,0,0,8505.74528015116,33271.55837237348,0,1,10,True,1
50517,BRA,HRV,0,0,0,5236.005471526118,2221.6151375893733,0,1,1,True,0
50518,BRA,HUN,1,0,0,610.0714300539489,246.179394629555,0,1,42,True,0
50519,BRA,IDN,0,0,0,6031.50120122947,8986.089017900204,0,3,3,True,0
50520,BRA,IND,0,0,0,7470.782671290289,43161.24923181849,0,1,10,True,0
50521,BRA,IRN,0,0,0,7341.512590416462,1940.5894477771953,1,0,999,False,0
50522,BRA,ISR,0,0,0,278.52240821074406,124.92337601606815,0,0,999,False,0
50523,BRA,JPN,0,0,0,9653.027236303999,33971.9224564249,0,0,999,False,0
50524,BRA,KAZ,0,0,1,4065.9053735947227,55643.08401088118,0,0,999,False,0
50525,BRA,KEN,0,0,1,7921.911948016761,17559.511421191582,1,0,999,False,0
50526,BRA,KHM,0,0,0,6337.115997655291,17001.358054317727,0,0,999,False,0
50527,BRA,KOR,1,0,0,1262.7113710773185,2630.448303648747,0,1,16,True,1
50528,BRA,LAO,0,0,0,3565.961759862056,24.985178422110323,0,1,14,True,0
50529,BRA,MAR,1,1,0,5144.613277398942,3458.905571246221,0,0,999,False,0
50607,CAN,CHL,0,0,0,966.4483428775228,843.3921898405483,0,0,999,False,1
50608,CAN,CHN,0,0,1,5827.144493446815,1283.15944041505,0,0,999,False,0
50609,CAN,CZE,0,0,0,7385.058785105188,13656.46178797187,0,1,6,True,0
50610,CAN,DEU,0,0,0,9946.84165196487,3557.547774667858,0,0,999,False,0
50611,CAN,DZA,0,0,0,2260.331967886521,2305.317086921616,0,0,999,False,0
50612,CAN,EGY,0,0,0,6519.008655624606,966.7567952691694,0,0,999,False,0
50613,CAN,ETH,0,0,0,3077.709052931491,2787.3860571711034,0,2,34,True,1
50614,CAN,FRA,0,0,0,1899.361364575609,6337.10070218927,0,1,47,True,1
50615,CAN,GBR,0,0,0,7021.074541137926,44114.38657346597,0,0,999,False,0
50616,CAN,GRC,1,0,0,9347.29915488301,1367.7268979632609,0,0,999,False,1
50617,CAN,HRV,0,0,0,1619.230066322137,1787.61602934089,0,0,999,False,1
50618,CAN,HUN,0,0,0,8832.736014262238,202.18057893764893,0,0,999,False,0
50619,CAN,IDN,0,0,0,1353.5543497328406,390.2660731425253,0,1,38,True,0
50620,CAN,IND,0,0,1,2973.6153130847233,6148.9774422550945,0,0,999,False,0
50621,CAN,IRN,0,0,1,5769.816124176818,741.5419316268582,0,1,4,True,1
50622,CAN,ISR,0,0,1,3963.1262549822054,938.1355146211313,0,0,999,False,0
50623,CAN,JPN,0,1,0,5866.239182836627,1540.0263710795084,1,0,999,False,0
50624,CAN,KAZ,0,0,0,2770.6924971339963,6900.613448862326,0,0,999,False,0
50625,CAN,KEN,0,1,0,4812.77951219237,879.8086810611248,1,0,999,False,1
50626,CAN,KHM,1,0,1,2803.3475255141248,2292.9240299038343,0,0,999,False,0
50627,CAN,KOR,0,1,0,2163.32777630827,598.937352826259,0,0,999,False,0
50628,CAN,LAO,0,0,0,681.0902472352254,77.38054723048954,0,1,4,True,0
50629,CAN,MAR,0,0,0,5716.076494829438,309.4060933018214,0,2,39,True,0
50708,CHL,CHN,0,0,0,3738.081088670024,5691.228711902805,0,1,42,True,0
50709,CHL,CZE,1,1,1,2706.1999469359666,1149.477296182604,0,0,999,False,0
50710,CHL,DEU,0,0,0,9945.819890352599,1128.4953848741825,0,0,999,False,1
50711,CHL,DZA,0,0,0,455.85157948668797,900.28741592293,1,1,34,True,1
50712,CHL,EGY,0,0,0,1232.8377929894684,255.59460723213869,0,0,999,False,1
50713,CHL,ETH,0,1,0,2859.005337712024,3566.715395579816,0,1,43,True,0
50714,CHL,FRA,0,0,0,6529.729219079393,1759.248278140449,2,0,999,False,0
50715,CHL,GBR,1,0,0,2369.2399389672346,3254.782415961298,0,3,6,True,0
50716,CHL,GRC,0,0,0,7816.325580532472,60822.94927320412,0,1,2,True,1
50717,CHL,HRV,0,1,0,4898.704767177445,674.4903162298743,0,0,999,False,0
50718,CHL,HUN,0,0,0,5783.5976311654,5722.465922663264,1,1,19,True,0
50719,CHL,IDN,0,0,0,6186.10289093939,6082.347630005466,0,1,34,True,0
50720,CHL,IND,0,0,0,9492.731062456169,23205.572496931123,0,1,35,True,0
50721,CHL,IRN,0,0,0,4717.398375184391,516.4035106477651,0,0,999,False,0
50722,CHL,ISR,1,0,0,7802.126485356335,261.8858615276177,0,0,999,False,0
50723,CHL,JPN,0,0,0,3173.054774204865,5713.710013509385,1,1,26,True,0
50724,CHL,KAZ,0,0,0,2856.259885622431,7791.700460159632,0,1,2,True,0
50725,CHL,KEN,0,0,0,5213.770214737412,3585.3712440009494,1,0,999,False,0
50726,CHL,KHM,1,0,1,5969.452234131726,1907.9348365801143,0,0,999,False,1
50727,CHL,KOR,0,0,0,2468.570275957329,21332.256756492763,0,0,999,False,0
50728,CHL,LAO,0,0,0,877.8823705815997,3317.21423841259,0,0,999,False,0
50729,CHL,MAR,1,0,0,6688.765310406853,428.2634579632648,0,0,999,False,1
50809,CHN,CZE,0,0,0,5645.906389334635,19709.378347207603,1,0,999,False,1
50810,CHN,DEU,0,0,0,571.1716337044326,16641.607355625816,0,1,31,True,0
50811,CHN,DZA,1,0,0,2390.663840750297,9776.087376262942,0,2,42,True,0
50812,CHN,EGY,1,0,1,3033.855436291332,9688.723998816027,0,0,999,False,0
50813,CHN,ETH,0,0,0,7293.098004772061,380.2050919477911,0,1,20,True,0
50814,CHN,FRA,0,0,0,4053.2536064695337,5050.385472418462,0,0,999,False,0
50815,CHN,GBR,1,0,0,7651.93833754392,5453.8841686527885,0,1,24,True,0
50816,CHN,GRC,0,0,0,3169.426217672814,759.93966006243,1,1,16,True,1
50817,CHN,HRV,1,0,0,1466.9511401518155,4901.163441876494,0,0,999,False,0
50818,CHN,HUN,0,0,0,3120.6404465202063,3687.296410609055,1,0,999,False,1
50819,CHN,IDN,1,0,0,7518.251459566812,10150.740670781848,0,0,999,False,0
50820,CHN,IND,0,0,0,8596.79585080333,1572.7754890348167,2,1,4,True,0
50821,CHN,IRN,0,0,0,6360.473423391266,26686.8554067666,0,0,999,False,0
50822,CHN,ISR,1,0,0,8388.538619040688,187.56544370428006,0,1,48,True,0
50823,CHN,JPN,1,0,0,4077.7803440616267,3324.5411418144877,0,0,999,False,0
50824,CHN,KAZ,1,0,0,3931.2179820707915,3947.916793545213,0,0,999,False,0
50825,CHN,KEN,1,0,0,3440.916178494421,50.22853987798511,1,0,999,False,0
50826,CHN,KHM,0,1,0,733.6406745960267,12256.575441285766,0,0,999,False,0
50827,CHN,KOR,0,0,0,8202.533189448897,669.7433608267152,0,0,999,False,0
50828,CHN,LAO,0,0,0,8456.535222773424,46207.262303625714,0,1,21,True,0
50829,CHN,MAR,0,0,1,1054.0528595616695,8461.527767301824,0,0,999,False,1
50910,CZE,DEU,1,0,0,7055.627116496911,225561.56470146702,0,1,46,True,0
50911,CZE,DZA,1,0,0,7493.79016724156,9358.163338125405,0,0,999,False,0
50912,CZE,EGY,0,0,0,8150.721006758068,878.1483869949981,1,0,999,False,0
50913,CZE,ETH,1,0,1,4832.320758754351,4326.053179213981,2,1,30,True,1
50914,CZE,FRA,1,0,0,4034.809690269996,260.2391328416166,0,0,999,False,1
50915,CZE,GBR,1,0,0,2411.6521430776193,4243.2399298477885,0,0,999,False,0
50916,CZE,GRC,1,1,0,3301.5595031560442,408.01720513705783,0,0,999,False,1
50917,CZE,HRV,0,0,0,1642.8684327240928,1673.7245620972958,0,0,999,False,0
50918,CZE,HUN,1,0,1,5446.308711071358,4596.030275693251,0,0,999,False,1
50919,CZE,IDN,1,0,1,132.28812905293984,31407.42642837475,1,0,999,False,1
50920,CZE,IND,1,0,0,8784.158630449616,3304.2195184464294,2,1,23,True,0
50921,CZE,IRN,0,0,0,4472.01032216438,6105.32009022022,0,0,999,False,0
50922,CZE,ISR,0,0,0,1859.615075574177,13742.082506671435,2,0,999,False,0
50923,CZE,JPN,1,0,0,8529.263838545812,5039.271449282661,0,0,999,False,1
50924,CZE,KAZ,0,0,0,7679.699780618315,1119.5352946551295,0,0,999,False,0
50925,CZE,KEN,0,0,1,6965.614021440461,50766.51922858254,1,0,999,False,0
50926,CZE,KHM,1,0,0,1966.8819731282306,8293.305898479426,0,1,30,True,0
50927,CZE,KOR,0,0,1,2040.8766115576027,24718.83313600836,0,1,16,True,0
50928,CZE,LAO,0,0,0,5757.858627744115,2397.987460548092,1,2,15,True,0
50929,CZE,MAR,0,0,0,2070.5708338303284,295.8554639146839,1,0,999,False,0
51011,DEU,DZA,1,0,0,5704.094914036416,4352.374593021642,0,0,999,False,0
51012,DEU,EGY,0,0,0,8766.138270158915,741.4839163930872,0,0,999,False,0
51013,DEU,ETH,0,1,0,5974.2924257342,14822.76103804267,1,2,29,True,0
51014,DEU,FRA,0,0,0,9192.080310537252,187.59954754813327,2,0,999,False,0
51015,DEU,GBR,0,1,0,7621.745871816446,784.0895438871106,1,0,999,False,0
51016,DEU,GRC,1,0,0,9409.923225744371,24105.17414592215,1,0,999,False,1
51017,DEU,HRV,0,0,0,4503.5038578079275,8654.404433905695,0,0,999,False,0
51018,DEU,HUN,0,0,0,5964.3395462565995,1478.3240630199814,0,1,16,True,0
51019,DEU,IDN,0,0,1,2996.686838414908,2914.0667581833777,2,0,999,False,0
51020,DEU,IND,0,0,0,537.819641773779,2847.9066731785847,0,1,34,True,0
51021,DEU,IRN,1,0,1,4923.623035196259,2556.4308129820956,0,0,999,False,1
51022,DEU,ISR,0,1,0,4972.53886590878,5129.064913051893,0,0,999,False,0
51023,DEU,JPN,0,0,1,842.6436615585109,15163.467592820356,0,0,999,False,0
51024,DEU,KAZ,1,0,0,1191.0653587671627,1559.2096738454309,0,0,999,False,0
51025,DEU,KEN,1,0,0,9531.201143941378,1001.2834497800319,0,1,38,True,1
51026,DEU,KHM,0,0,0,1213.0299800553412,4753.635566598915,0,0,999,False,0
51027,DEU,KOR,0,0,1,7276.311376996887,175.12956332635815,1,0,999,False,0
51028,DEU,LAO,0,0,0,6024.691704572664,337083.2130220426,0,0,999,False,0
51029,DEU,MAR,1,0,0,4362.460263571574,552.6688237915888,0,0,999,False,0
51112,DZA,EGY,0,0,1,9226.451396035722,134.6091549156234,0,0,999,False,0
51113,DZA,ETH,0,1,0,5528.1487571834905,3110.9591680106264,0,0,999,False,0
51114,DZA,FRA,1,0,0,2366.0978270750734,51.59436972078262,0,0,999,False,0
51115,DZA,GBR,0,0,1,3779.940386261531,1158.8381315892398,2,1,48,True,0
51116,DZA,GRC,1,0,0,4378.998871429123,1449.1744315712954,0,1,40,True,0
51117,DZA,HRV,0,0,0,3155.331806631355,8469.713787382167,0,0,999,False,0
51118,DZA,HUN,1,1,1,8650.710993753939,32787.64898573463,0,0,999,False,0
51119,DZA,IDN,0,0,0,3180.396116945199,9928.777998914293,1,0,999,False,0
51120,DZA,IND,1,0,0,2497.441792293552,12072.100270259096,0,0,999,False,0
51121,DZA,IRN,0,1,0,6032.1306209950435,1599.3451873535125,0,0,999,False,0
51122,DZA,ISR,0,0,0,8020.382702828686,3650.4576409263195,0,2,24,True,0
51123,DZA,JPN,0,0,0,6697.544512182479,472.6697717041997,0,0,999,False,0
51124,DZA,KAZ,1,0,0,6166.2197816527505,2592.8833878330925,0,1,36,True,0
51125,DZA,KEN,0,1,0,9858.03659450305,2061.4849804344876,1,3,40,True,1
51126,DZA,KHM,0,0,0,373.9699040879729,64.42638143206116,0,0,999,False,0
51127,DZA,KOR,1,0,0,4881.1754343373495,3685.497378710019,1,0,999,False,0
51128,DZA,LAO,0,0,0,9236.648375496527,947.5989153062162,0,0,999,False,0
51129,DZA,MAR,1,1,0,3388.1302160484815,603.3525961100203,0,0,999,False,0
51213,EGY,ETH,1,0,1,2187.717084108797,16631.357795581625,0,1,9,True,0
51214,EGY,FRA,1,0,0,2999.2939747306623,928.8458303029972,0,0,999,False,0
51215,EGY,GBR,0,0,0,8843.434279712876,4729.217243227673,0,0,999,False,0
51216,EGY,GRC,0,0,1,1310.5863080429037,576.3533438106394,0,1,9,True,0
51217,EGY,HRV,0,0,1,7172.618758657564,22182.037172151824,1,1,48,True,0
51218,EGY,HUN,0,1,0,832.2306620807229,5182.832958363081,1,0,999,False,0
51219,EGY,IDN,0,0,1,2039.9460360938738,4165.688460542599,0,0,999,False,1
51220,EGY,IND,0,0,1,3049.0312438506353,19805.893864568483,0,0,999,False,0
51221,EGY,IRN,1,0,0,1661.849996097492,5941.226521101244,0,0,999,False,1
51222,EGY,ISR,0,0,0,7096.713435045244,2293.3512484529606,2,0,999,False,0
51223,EGY,JPN,1,0,0,393.61879819729495,2574.0962531680084,0,0,999,False,0
51224,EGY,KAZ,1,0,0,8933.044937881226,565.7133457436099,0,0,999,False,0
51225,EGY,KEN,0,0,1,3358.1636464153453,8231.903295754588,2,0,999,False,0
51226,EGY,KHM,0,1,0,5798.29576047725,3919.7921977297456,0,0,999,False,0
51227,EGY,KOR,1,0,0,825.7215803527718,2191.096595805935,0,0,999,False,0
51228,EGY,LAO,0,0,1,9447.073816724816,512.9945192809536,0,0,999,False,0
51229,EGY,MAR,0,1,0,5701.816317546939,7220.4475196824815,0,2,17,True,0
51314,ETH,FRA,0,0,0,8671.773544513522,3715.8934081548778,2,0,999,False,0
51315,ETH,GBR,0,1,1,4983.330282942372,379.89529168222407,0,2,40,True,0
51316,ETH,GRC,1,0,0,7721.520276158381,6501.922681466892,0,0,999,False,0
51317,ETH,HRV,0,0,0,7940.1445026596275,188.13378659461407,1,0,999,False,0
51318,ETH,HUN,0,0,0,6482.975272988016,11362.814303730322,0,0,999,False,0
51319,ETH,IDN,1,0,1,2441.475605069072,9588.9437430785,0,3,27,True,0
51320,ETH,IND,0,0,0,1244.2188685189349,2599.6020939327946,0,0,999,False,0
51321,ETH,IRN,0,0,0,8890.121901109595,1796.3711938731838,0,0,999,False,0
51322,ETH,ISR,0,0,0,7472.975575598568,1762.2237303204072,0,0,999,False,1
51323,ETH,JPN,0,1,0,4447.1277685833575,4603.078267763923,0,1,42,True,0
51324,ETH,KAZ,0,0,0,7395.811772217427,3193.2904951499654,0,1,39,True,1
51325,ETH,KEN,1,0,0,1337.78144993968,1274.4035027657947,0,0,999,False,0
51326,ETH,KHM,0,0,0,4111.44336479987,555.420143110656,0,0,999,False,0
51327,ETH,KOR,0,1,1,8001.375827520759,541.4397722261783,0,0,999,False,0
51328,ETH,LAO,0,0,0,2324.040462144131,781.1409474339696,0,2,14,True,1
51329,ETH,MAR,0,0,0,3040.9463597128383,1220.1115856889364,0,1,2,True,0
51415,FRA,GBR,0,0,0,5314.792462818209,11508.021765399595,0,1,39,True,0
51416,FRA,GRC,0,0,0,5182.797206887111,891.4076808928094,0,0,999,False,0
51417,FRA,HRV,0,0,0,9296.496077013284,6790.4713656702825,0,0,999,False,0
51418,FRA,HUN,0,0,0,4550.756355203845,1401.0172517221279,0,0,999,False,0
51419,FRA,IDN,0,0,1,5773.534012196677,814.9255735904945,0,2,20,True,0
51420,FRA,IND,0,0,0,4350.145943402234,5400.782343996021,0,0,999,False,0
51421,FRA,IRN,0,0,0,5241.962710633074,197.84133110379486,0,1,33,True,0
51422,FRA,ISR,1,0,0,752.7871665167363,1198.4586700747184,0,2,28,True,0
51423,FRA,JPN,1,0,0,5721.719617837697,1625.3151443816455,1,2,34,True,1
51424,FRA,KAZ,0,0,0,6028.928826054353,219.40010843930276,0,0,999,False,0
51425,FRA,KEN,0,0,0,7678.763636337114,614.7894703127822,0,1,1,True,0
51426,FRA,KHM,0,0,0,8250.353191428001,2506.0389820884307,0,0,999,False,1
51427,FRA,KOR,0,1,0,9138.762903217963,16472.03561501515,2,0,999,False,0
51428,FRA,LAO,0,0,0,3156.68481164066,5041.985967284666,0,1,21,True,0
51429,FRA,MAR,1,1,0,8693.523009923474,840.0941292795553,0,2,31,True,0
51516,GBR,GRC,0,1,0,4461.492564571695,496.22269246755144,0,0,999,False,0
51517,GBR,HRV,1,0,0,6318.801592468852,19015.752167785824,0,0,999,False,0
51518,GBR,HUN,0,0,0,1842.4865157267423,3590.5751502735457,1,1,10,True,0
51519,GBR,IDN,0,0,0,3496.143988077222,1165.8120987775274,0,0,999,False,0
51520,GBR,IND,1,0,0,7416.841289918231,610.2710564970553,0,0,999,False,0
51521,GBR,IRN,0,0,1,6283.471175494444,7669.228177283588,0,0,999,False,0
51522,GBR,ISR,1,0,0,8091.948036567413,2836.818996893775,2,1,6,True,0
51523,GBR,JPN,0,0,1,2099.180457480515,65607.09697622784,0,0,999,False,0
51524,GBR,KAZ,0,0,0,146.47127272486736,1085.7934861193564,0,0,999,False,0
51525,GBR,KEN,0,0,0,3094.6257644618236,1140.3800589550222,0,2,15,True,0
51526,GBR,KHM,1,1,0,8330.3426394107,245.19072620172702,1,3,18,True,0
51527,GBR,KOR,1,0,1,4528.8336041551165,1925.0708160886477,1,2,2,True,0
51528,GBR,LAO,0,0,0,1438.6796634332977,2282.7204403981323,0,0,999,False,0
51529,GBR,MAR,0,0,0,1668.4857820557763,758.0759822509395,1,0,999,False,1
51617,GRC,HRV,0,0,0,6826.7115246275935,371.740925312602,0,0,999,False,0
51618,GRC,HUN,0,0,0,1834.2364349795603,9374.893843834041,0,2,31,True,0
51619,GRC,IDN,0,0,0,2236.126197926648,4567.574864631594,0,1,39,True,0
51620,GRC,IND,0,0,0,4492.745469566498,4820.113943228095,1,0,999,False,1
51621,GRC,IRN,0,0,1,2714.308642760532,402.390035924394,0,0,999,False,0
51622,GRC,ISR,0,0,1,9354.248244485341,580.998529685285,2,0,999,False,1
51623,GRC,JPN,0,0,1,1773.5136165974286,2370.067752109626,0,0,999,False,0
51624,GRC,KAZ,1,0,1,3443.080333199593,968.0993667154772,0,0,999,False,0
51625,GRC,KEN,0,0,0,2606.6165483293657,2206.624393644008,0,0,999,False,0
51626,GRC,KHM,1,0,0,700.6869572118945,881.2336710401557,0,1,39,True,0
51627,GRC,KOR,1,0,1,4458.866198598078,13797.919365644508,0,0,999,False,0
51628,GRC,LAO,0,0,0,344.03208453458234,11829.74358770705,0,1,7,True,1
51629,GRC,MAR,0,0,1,7149.5282355177715,4930.961795810022,0,0,999,False,0
51718,HRV,HUN,0,0,0,3452.645520570531,2190.318991794196,0,0,999,False,0
51719,HRV,IDN,1,0,1,4067.737485720052,1279.8216439010398,0,2,47,True,0
51720,HRV,IND,0,0,0,4226.866196574257,5557.529025962184,0,0,999,False,0
51721,HRV,IRN,1,0,0,3517.2011134565228,981.9335557328236,0,1,47,True,0
51722,HRV,ISR,0,0,0,2042.564679363964,2554.8883531354313,0,1,28,True,0
51723,HRV,JPN,0,0,0,8689.591050208963,31914.405212785234,0,3,26,True,0
51724,HRV,KAZ,0,0,0,4868.282119412368,8247.692386851728,1,0,999,False,0
51725,HRV,KEN,0,0,0,4468.7419520043895,1056.7179152171955,0,2,48,True,0
51726,HRV,KHM,0,0,0,8551.653449714728,8361.110464933556,0,2,34,True,0
51727,HRV,KOR,1,0,0,2454.544625389304,12051.017726623939,0,1,18,True,0
51728,HRV,LAO,0,0,0,2206.9907478533514,8936.192291469917,0,2,13,True,1
51729,HRV,MAR,0,0,0,2343.250656505268,2633.127189238908,0,1,29,True,0
51819,HUN,IDN,0,0,0,6162.907483541447,4292.555797365747,0,1,40,True,0
51820,HUN,IND,0,0,1,4003.5662683983064,2478.5341937570015,0,0,999,False,0
51821,HUN,IRN,0,0,1,2171.0322946989036,7203.830438793548,0,2,40,True,1
51822,HUN,ISR,1,0,0,3770.077119587446,4206.249650878206,0,0,999,False,0
51823,HUN,JPN,1,0,0,5993.585871358027,2775.111750369356,0,0,999,False,1
51824,HUN,KAZ,0,0,0,5032.204148586345,2611.8504623012773,0,2,20,True,0
51825,HUN,KEN,1,0,0,9623.380574812069,32298.011425142784,0,0,999,False,0
51826,HUN,KHM,0,0,0,9344.202168425138,8113.488227919792,1,1,13,True,0
51827,HUN,KOR,0,0,1,8561.536219946604,853.8426621218567,0,1,16,True,0
51828,HUN,LAO,1,0,0,1011.6561961310322,315.4857555756849,0,0,999,False,0
51829,HUN,MAR,0,0,1,3851.061229899204,20361.66743694936,0,1,22,True,0
51920,IDN,IND,0,0,0,8531.758122578003,940.0738414454147,0,0,999,False,0
51921,IDN,IRN,0,0,0,7968.615702761911,3725.213123817366,0,0,999,False,1
51922,IDN,ISR,0,0,0,9345.4024562186,5417.56460330598,1,0,999,False,0
51923,IDN,JPN,0,1,0,1062.6590479239583,4118.566870135097,0,0,999,False,0
51924,IDN,KAZ,0,0,1,2903.6188536668096,2088.104601612002,0,0,999,False,0
51925,IDN,KEN,0,0,0,7310.1034913948315,1424.4884049991804,0,0,999,False,0
51926,IDN,KHM,0,0,0,9453.070402516367,3776.79976398145,0,0,999,False,1
51927,IDN,KOR,0,0,0,9059.116712346475,9730.373164441065,0,1,7,True,0
51928,IDN,LAO,0,0,1,9764.89661147887,8269.44920191076,0,0,999,False,0
51929,IDN,MAR,1,0,0,520.237550294469,2212.161530741414,0,1,35,True,0
52021,IND,IRN,1,0,0,1151.5578740287035,40877.131973707554,0,3,31,True,1
52022,IND,ISR,0,0,0,6993.847409873672,11872.464297474775,0,0,999,False,1
52023,IND,JPN,0,1,0,1180.0602661937487,1768.2155329703007,0,0,999,False,0
52024,IND,KAZ,0,0,0,629.0747601802393,4150.679844229813,0,3,11,True,0
52025,IND,KEN,1,0,0,9231.739886192649,358.6053346973739,0,1,43,True,0
52026,IND,KHM,0,0,0,1595.3995668842358,2083.6072390569534,1,0,999,False,0
52027,IND,KOR,0,0,0,2101.177759402145,1072.695209109651,0,2,12,True,0
52028,IND,LAO,0,1,0,6386.726361204052,12730.284448489194,0,1,24,True,1
52029,IND,MAR,1,0,0,8940.07197916806,227.7660303543706,0,0,999,False,1
52122,IRN,ISR,0,0,0,8887.524837502724,3771.6443993317175,0,0,999,False,0
52123,IRN,JPN,1,0,0,3733.531610318317,5278.668957514576,0,2,33,True,0
52124,IRN,KAZ,0,0,0,9859.341686249178,1529.3201271773619,0,0,999,False,0
52125,IRN,KEN,1,0,0,3787.033555811593,5605.17350649651,0,0,999,False,1
52126,IRN,KHM,0,0,0,7569.268451270138,13392.903486084288,0,2,7,True,0
52127,IRN,KOR,0,0,0,3374.7704571297186,2761.1678473888487,0,1,14,True,0
52128,IRN,LAO,1,0,0,5196.850311503769,2058.3745669360624,0,1,47,True,0
52129,IRN,MAR,1,0,0,6382.244150406114,7193.215867534949,0,2,12,True,0
52223,ISR,JPN,0,0,0,8436.805296649776,2189.784069472738,0,0,999,False,1
52224,ISR,KAZ,1,0,0,5688.1273643387285,2222.642768854448,2,0,999,False,0
52225,ISR,KEN,0,1,0,8680.981598670629,14619.837376200394,1,0,999,False,0
52226,ISR,KHM,1,0,0,4426.548482604331,29528.812949556577,0,0,999,False,0
52227,ISR,KOR,0,0,1,3617.6831192256586,2639.7277159337086,0,0,999,False,0
52228,ISR,LAO,0,1,0,5771.866762233089,2139.7329375575346,0,0,999,False,0
52229,ISR,MAR,0,0,0,9507.447132126717,3307.8532863199316,0,0,999,False,0
52324,JPN,KAZ,0,0,0,5087.059842162666,10017.15381713775,0,0,999,False,0
52325,JPN,KEN,0,0,0,6509.717452185445,835.3924404086805,1,0,999,False,0
52326,JPN,KHM,0,1,0,7097.370848010202,3020.4934236791905,0,0,999,False,0
52327,JPN,KOR,0,1,1,3111.9473780400917,2086.9835492483576,0,2,48,True,1
52328,JPN,LAO,0,0,0,3567.704903492512,3044.136998218795,1,2,2,True,0
52329,JPN,MAR,1,1,0,394.17585120362975,448.95670835470565,0,0,999,False,1
52425,KAZ,KEN,0,0,0,6455.958727498087,4745.504327454318,0,3,43,True,1
52426,KAZ,KHM,1,0,0,7272.68470452434,6520.89988401839,0,0,999,False,0
52427,KAZ,KOR,0,0,0,9187.473048042515,40050.12299322182,0,0,999,False,0
52428,KAZ,LAO,1,0,0,5120.885766986639,124.52268668708157,1,3,16,True,0
52429,KAZ,MAR,1,0,0,4247.941813314118,9094.977920623152,0,0,999,False,0
52526,KEN,KHM,0,0,0,1029.0508834200064,2192.252875233034,0,3,43,True,0
52527,KEN,KOR,0,0,0,4908.103012680428,3966.4946843218736,0,1,26,True,0
52528,KEN,LAO,0,0,0,7228.392039002123,1065.657638206717,0,3,29,True,0
52529,KEN,MAR,1,0,0,5516.879678064617,194.19437361030558,1,0,999,False,0
52627,KHM,KOR,0,0,1,6911.058700538511,1034.154822368125,1,1,3,True,1
52628,KHM,LAO,1,0,0,2613.973165603949,1994.0212705901042,0,0,999,False,0
52629,KHM,MAR,0,0,0,1268.728280630933,325.8097601555285,0,1,36,True,0
52728,KOR,LAO,1,0,0,4924.017592043357,1861.2570197917894,0,1,19,True,0
52729,KOR,MAR,0,0,1,4113.3029033123685,4776.963159482127,0,1,1,True,0
52829,LAO,MAR,0,0,0,847.6615442633317,7206.590109692679,1,3,7,True,1
