year_start,year_end,conflict_id,conflict_name,dyad_id,side_a,side_b,type_of_conflict,deaths_a,deaths_b,deaths_total,deaths_civilians,intensity_level,territory,incompatibility
2018,2024,20000,Conflict_0,50000,THA,Rebel_THA_0,Internal,991.3502498099884,676.9006710688266,1352.2935189837215,422.485939275479,1,True,Both
2023,2024,20001,Conflict_1,50001,ALB,IRN,Interstate,604953.198918544,447463.8118952815,1075705.24943012,201553.53941242825,2,True,Territory
2007,2023,20002,Conflict_2,50002,FRA,Rebel_FRA_2,Internationalized internal,2247.787803434626,2654.8342628355913,4214.2219562789105,1281.5122854694962,1,True,Territory
2004,2018,20003,Conflict_3,50003,ZAF,KEN,Internationalized internal,20626.47245546983,26567.45370463916,49050.7678749216,13881.318127104158,1,False,Territory
1996,2000,20004,Conflict_4,50004,ZAF,Rebel_ZAF_4,Interstate,7113.8378367001105,13998.457721516264,22536.63251419941,5294.446339068933,1,True,Both
2010,2024,20005,Conflict_5,50005,FRA,JPN,Interstate,136.32997949451902,116.19673013687027,294.66229510074834,53.453128052833456,1,False,Territory
2020,2024,20006,Conflict_6,50006,UKR,CAN,Internal,246.68816195641216,192.9043054177706,348.5621819108209,111.0875169273806,1,False,Territory
2018,2024,20007,Conflict_7,50007,KOR,Rebel_KOR_7,Interstate,335.36021267775084,371.72564341989573,964.4962151837634,289.9780785442213,2,True,Government
2001,2004,20008,Conflict_8,50008,AGO,VEN,Internal,44468.88380452974,22878.536205639986,103890.9690317507,32538.53378248326,1,True,Territory
2011,2018,20009,Conflict_9,50009,VNM,MYS,Extrasystemic,30941.759333754595,29524.199694941057,72864.81206772168,23802.408722019885,2,True,Territory
2001,2003,20010,Conflict_10,50010,SYR,Rebel_SYR_10,Internationalized internal,47061.11622863289,59411.71706722218,92593.51829704772,18269.025820807223,2,True,Territory
2012,2013,20011,Conflict_11,50011,KHM,Rebel_KHM_11,Extrasystemic,12957.928984492019,8086.783827286183,28643.230322590938,7453.736907867989,2,True,Government
2021,2024,20012,Conflict_12,50012,JPN,Rebel_JPN_12,Extrasystemic,7583.805365242213,7458.6028731314345,22812.133539584385,3970.744267918738,2,True,Government
2016,2024,20013,Conflict_13,50013,GRC,ALB,Interstate,82.28496665006976,96.84557589072868,259.9632616269213,75.46873953848912,1,True,Government
2005,2011,20014,Conflict_14,50014,MYS,Rebel_MYS_14,Interstate,4678.00392259404,4989.889327027937,9667.463224844392,2804.1338766726158,1,True,Territory
2012,2021,20015,Conflict_15,50015,BRA,Rebel_BRA_15,Internationalized internal,2388.9041076803737,778.9731816722845,3739.7788777318574,948.5123286314137,2,True,Government
2020,2021,20016,Conflict_16,50016,SRB,HRV,Interstate,29666.530414386823,24853.666548007266,38914.743340870635,6902.79400592557,2,True,Both
1981,1982,20017,Conflict_17,50017,VEN,Rebel_VEN_17,Internationalized internal,58364.798890442245,34979.5427409378,94663.41726576681,19383.553229004458,1,False,Both
2003,2004,20018,Conflict_18,50018,JPN,Rebel_JPN_18,Extrasystemic,51735.81806039689,16585.80376972308,81892.75128109836,12139.979255729224,1,True,Government
1995,2004,20019,Conflict_19,50019,POL,Rebel_POL_19,Extrasystemic,206744.47168861752,203465.02748081464,530915.3655658597,171619.00614415953,1,False,Territory
1991,2010,20020,Conflict_20,50020,IRN,UZB,Internationalized internal,17184.176580153435,16677.121476382494,27915.90844001614,7001.062164905738,1,True,Territory
1984,2000,20021,Conflict_21,50021,HUN,Rebel_HUN_21,Internationalized internal,6492.565806873473,11199.196975314157,16709.50092161243,6452.851223134395,2,False,Territory
2020,2024,20022,Conflict_22,50022,JPN,UZB,Internal,2607.3297621529236,2657.781679829996,6004.387441886977,1271.7656475494111,1,True,Both
1982,1990,20023,Conflict_23,50023,USA,MYS,Internal,25981.266293091066,32238.727971011176,70211.66721129004,25501.71456503486,2,False,Government
2022,2024,20024,Conflict_24,50024,SAU,KEN,Interstate,8256.036723825546,14022.713653365832,27284.346425924592,4318.625997339419,2,True,Territory
1993,2005,20025,Conflict_25,50025,ISR,PHL,Internal,15788.687770702567,9038.002284044847,24824.470712684662,3637.094893380016,1,False,Both
2001,2018,20026,Conflict_26,50026,SYR,Rebel_SYR_26,Extrasystemic,1083.8689572657952,1697.8556660277118,2487.2417355291036,589.9228718036483,1,False,Territory
2009,2024,20027,Conflict_27,50027,PHL,Rebel_PHL_27,Extrasystemic,5962.046641765623,4233.903731119652,7597.204967510939,853.3199994687674,2,True,Territory
2005,2010,20028,Conflict_28,50028,KEN,Rebel_KEN_28,Interstate,30870.43061619808,17161.787534124072,40747.295319922065,7005.935433263486,1,True,Territory
1980,1996,20029,Conflict_29,50029,SAU,Rebel_SAU_29,Extrasystemic,42742.278942288845,27153.29240653512,83841.26387853363,17337.68617315803,1,False,Territory
1993,1998,20030,Conflict_30,50030,UZB,USA,Extrasystemic,2470.1170226026693,2513.026261338447,4947.632069252944,1437.4261211288008,1,True,Territory
1998,1999,20031,Conflict_31,50031,AZE,Rebel_AZE_31,Internationalized internal,82675.28821388326,28381.679312331198,133087.58108332288,36696.59465914108,2,False,Government
2014,2015,20032,Conflict_32,50032,NGA,Rebel_NGA_32,Internationalized internal,27272.320266979303,10793.901558435029,36233.84413818889,4377.3523833587205,2,True,Territory
2014,2024,20033,Conflict_33,50033,KEN,KHM,Interstate,101850.51412592494,49097.777875387175,144012.41933578538,19506.402745435764,2,True,Government
2008,2012,20034,Conflict_34,50034,KAZ,Rebel_KAZ_34,Internationalized internal,1662.5164950548456,1599.9181404679186,2827.5903574682366,391.0753100456312,2,True,Government
2002,2007,20035,Conflict_35,50035,DZA,Rebel_DZA_35,Extrasystemic,2028.8116602972698,1882.3638521188939,4840.668478635373,1260.01749538002,2,True,Territory
1992,2011,20036,Conflict_36,50036,VNM,SVK,Internal,5054.77381700936,3173.2785180878727,6519.7349657423165,1887.7968460264078,2,True,Territory
2004,2008,20037,Conflict_37,50037,ISR,Rebel_ISR_37,Extrasystemic,58121.731877292754,24299.72054933788,106214.64464347243,28131.868951549295,1,True,Both
2022,2024,20038,Conflict_38,50038,HRV,Rebel_HRV_38,Interstate,30041.960589901824,48348.11021078105,87828.27570597744,10700.0223858428,2,False,Government
1984,1989,20039,Conflict_39,50039,RUS,Rebel_RUS_39,Extrasystemic,29626.862691853392,12742.160833019918,40026.56559147994,14902.215061388082,1,True,Territory
2010,2024,20040,Conflict_40,50040,TUR,Rebel_TUR_40,Internal,35212.13109618901,33212.45576680578,82494.70862541802,22392.52107301386,1,False,Government
2020,2024,20041,Conflict_41,50041,AGO,Rebel_AGO_41,Extrasystemic,5253.739510567789,3695.4163519151352,10778.332264647122,3886.448228987359,1,True,Both
2023,2024,20042,Conflict_42,50042,MYS,Rebel_MYS_42,Internationalized internal,2928.9365481972613,4146.323714687823,8693.830457112705,3397.468617607839,2,True,Government
1993,2008,20043,Conflict_43,50043,MEX,Rebel_MEX_43,Internal,9050.52085273424,2685.6078613181753,12058.05223631862,2222.1658686076034,2,False,Both
1991,1999,20044,Conflict_44,50044,KOR,Rebel_KOR_44,Extrasystemic,781.3262880148501,687.9360184095615,992.5417490077521,307.1405695177976,1,True,Territory
1999,2012,20045,Conflict_45,50045,KOR,EGY,Extrasystemic,3741.754752989711,1983.5118119253627,4857.744172604987,1332.7162181735985,2,False,Territory
2009,2024,20046,Conflict_46,50046,UKR,NGA,Internal,7140.025041530392,4669.154054381257,11958.531758267154,4675.478814546665,2,False,Both
2013,2022,20047,Conflict_47,50047,PHL,IND,Interstate,203250.77721005768,147019.03687013514,314699.2518710457,102268.83073558116,1,False,Government
2016,2024,20048,Conflict_48,50048,CZE,IRN,Extrasystemic,708.1334673381516,1121.3080156478795,1754.4826870296763,573.8908301507671,2,True,Territory
2018,2020,20049,Conflict_49,50049,ARG,Rebel_ARG_49,Interstate,8752.09365816882,2726.190073159123,11163.571548295418,3768.211686070325,2,True,Territory
2002,2017,20050,Conflict_50,50050,ROU,Rebel_ROU_50,Internationalized internal,1702.5693176590191,1085.9727438586413,2154.5200536880793,626.9508927693633,1,True,Territory
2013,2019,20051,Conflict_51,50051,NGA,Rebel_NGA_51,Internal,32881.50982330652,32121.795007384517,58528.73481161804,19837.819084168274,1,True,Both
1996,2001,20052,Conflict_52,50052,PAK,Rebel_PAK_52,Internal,504.79317573359793,395.0131088654881,1493.772941183867,206.758716958279,1,True,Territory
1987,1991,20053,Conflict_53,50053,SRB,Rebel_SRB_53,Internationalized internal,2389.5608383839385,2375.3121797340577,4449.992902538025,675.0459513978584,1,True,Territory
1984,2002,20054,Conflict_54,50054,KOR,IRN,Interstate,392.04693782160035,304.1548879762875,843.021487940219,107.64303299165168,1,True,Government
2009,2020,20055,Conflict_55,50055,VEN,KEN,Internationalized internal,6821.072524907842,2957.190142077421,10118.336361397633,1647.3136973053113,2,True,Territory
2005,2019,20056,Conflict_56,50056,JPN,Rebel_JPN_56,Internal,18705.019195403194,8379.603574158044,33044.42432468613,7739.787661696521,2,True,Territory
2004,2009,20057,Conflict_57,50057,KOR,GRC,Interstate,1754.4794393638617,978.534637638376,3090.6799627742,627.0311527139619,1,True,Territory
2020,2024,20058,Conflict_58,50058,HRV,VEN,Internationalized internal,12053.534766268329,11327.84466706126,33133.20803203531,6922.3451810010565,1,True,Government
1985,1990,20059,Conflict_59,50059,NGA,IND,Internal,217528.97606420077,250125.57682030072,399939.3568663891,50538.85169716886,1,False,Territory
1988,1991,20060,Conflict_60,50060,MEX,Rebel_MEX_60,Interstate,25510.042009054363,14426.711008257429,32392.3228281318,10264.117402703856,2,False,Government
1990,1998,20061,Conflict_61,50061,KEN,UKR,Interstate,5783.79271810693,5168.626807629532,12523.379307783165,3159.4371246281808,1,True,Territory
2005,2019,20062,Conflict_62,50062,RUS,Rebel_RUS_62,Extrasystemic,6301.925923307119,5554.440953189917,13003.977987753318,3440.6046596795068,1,True,Territory
2019,2021,20063,Conflict_63,50063,IDN,RUS,Extrasystemic,787.3486481913561,573.9478912349986,1317.03435402416,294.42602509981623,1,True,Both
2023,2024,20064,Conflict_64,50064,ETH,Rebel_ETH_64,Internationalized internal,40706.2613304762,15239.060127044248,56464.764730244744,19117.850971571337,2,True,Territory
2000,2005,20065,Conflict_65,50065,AZE,FRA,Internationalized internal,4656.7979633020495,5023.315524081329,10165.499529870636,3099.406106360145,1,True,Government
2011,2024,20066,Conflict_66,50066,RUS,Rebel_RUS_66,Internal,397075.67338942253,380796.0469272607,807153.6055281117,300214.03035552497,1,True,Territory
1985,1988,20067,Conflict_67,50067,CAN,Rebel_CAN_67,Internationalized internal,439.2975055624577,321.4543184877342,630.2576294082727,163.89113990399076,2,False,Government
2017,2018,20068,Conflict_68,50068,ROU,Rebel_ROU_68,Extrasystemic,5418.790316044016,2722.967878960416,7338.727528799134,2541.967829887077,2,True,Both
2003,2018,20069,Conflict_69,50069,LAO,Rebel_LAO_69,Internationalized internal,4191.094979960731,3550.138315401945,6339.325905116855,1853.265729957921,1,True,Government
2022,2024,20070,Conflict_70,50070,IDN,CZE,Interstate,1088.9319489616219,389.4322432289699,1407.5404563391921,388.29670721689047,1,True,Government
2019,2024,20071,Conflict_71,50071,DZA,VNM,Internationalized internal,1185.983128556048,2001.3780632792677,3807.1913264216164,1261.604220718136,2,True,Territory
2008,2022,20072,Conflict_72,50072,SRB,Rebel_SRB_72,Internal,3217.7874928475744,2686.838571294272,4231.587161855057,1081.8112546704583,1,True,Territory
1988,1997,20073,Conflict_73,50073,CZE,Rebel_CZE_73,Extrasystemic,1967.9477012482191,2244.1212470663227,5510.395621064518,1978.5375363294756,1,False,Territory
2006,2008,20074,Conflict_74,50074,KHM,Rebel_KHM_74,Internationalized internal,5199.646420778493,2496.9340265017545,8830.68161102952,972.8209843189707,1,True,Government
2022,2024,20075,Conflict_75,50075,IND,Rebel_IND_75,Extrasystemic,274.862344142918,299.07926218656235,734.2754860198131,92.22859930500411,2,False,Government
1980,1993,20076,Conflict_76,50076,MAR,Rebel_MAR_76,Extrasystemic,13509.031873056443,8576.759645521446,22055.994592314306,7740.980158660268,1,True,Territory
1981,1998,20077,Conflict_77,50077,ZAF,Rebel_ZAF_77,Internationalized internal,4347.297793582538,7015.1688272575975,11119.430607590424,4268.022629148025,2,True,Territory
2013,2014,20078,Conflict_78,50078,ISR,Rebel_ISR_78,Internal,108764.01760227505,35890.92283600448,171027.02747487204,22444.31714092091,1,False,Territory
2012,2024,20079,Conflict_79,50079,CHL,NGA,Internationalized internal,139.61104911567566,117.98633142153219,191.81340639961232,42.036878374542376,2,True,Territory
2010,2024,20080,Conflict_80,50080,HRV,CAN,Internal,34814.46414343649,24172.824105774234,58855.85983116342,21647.274313833717,1,False,Territory
2021,2023,20081,Conflict_81,50081,ARG,Rebel_ARG_81,Extrasystemic,17840.40418019435,22156.005472525474,37749.79357754874,7883.1900504345585,1,False,Territory
2001,2013,20082,Conflict_82,50082,JPN,MEX,Extrasystemic,56220.912881464006,47290.03078677038,103654.19256866873,33429.10765969055,2,True,Territory
1988,1999,20083,Conflict_83,50083,USA,Rebel_USA_83,Extrasystemic,9006.442654157916,7555.350174326933,13950.263622133678,4837.604938298673,1,True,Both
2020,2024,20084,Conflict_84,50084,PAK,Rebel_PAK_84,Interstate,43012.852235958664,38575.970523382275,116248.03971483945,20918.778716439716,1,False,Territory
1986,1996,20085,Conflict_85,50085,UKR,Rebel_UKR_85,Interstate,21366.506407640558,8535.123850491236,38191.381379990904,5724.315603993018,1,False,Territory
2015,2024,20086,Conflict_86,50086,KEN,DEU,Internal,1417.3032885292794,1579.9484361144714,2341.86686016795,512.8566925738952,2,False,Territory
2012,2016,20087,Conflict_87,50087,UZB,PHL,Extrasystemic,544.9287728229485,495.46248960536195,994.063387511286,199.08422305926675,2,False,Territory
1988,1996,20088,Conflict_88,50088,GRC,Rebel_GRC_88,Internal,48923.54467951883,41349.85590061942,68949.98911664211,21264.793143098937,1,True,Government
1998,2003,20089,Conflict_89,50089,TUR,Rebel_TUR_89,Extrasystemic,282916.6217480789,154395.12838129193,364997.81281980674,56771.71551408701,2,True,Both
1987,2004,20090,Conflict_90,50090,ISR,Rebel_ISR_90,Internationalized internal,6598.049149644598,11149.289394267094,16069.102018663867,6157.965954195377,2,True,Government
1986,2003,20091,Conflict_91,50091,ISR,Rebel_ISR_91,Internal,4812.290416970979,8330.52848957689,15182.020486055277,2872.5096650370083,1,False,Both
2002,2020,20092,Conflict_92,50092,MEX,Rebel_MEX_92,Extrasystemic,3657.006016421902,2236.9024763086236,5850.426369118288,1569.1028290202514,2,True,Both
2022,2024,20093,Conflict_93,50093,KEN,Rebel_KEN_93,Internal,61350.999366405376,41006.27722995324,87396.0189754464,26087.410368507037,1,False,Government
2021,2024,20094,Conflict_94,50094,ALB,THA,Internal,4941.396585583915,2321.475445813252,6184.731339059582,2041.9291699595099,2,True,Territory
1995,2007,20095,Conflict_95,50095,UZB,MAR,Internal,776.6022019751274,783.3494386973907,1383.6773709753704,139.75682272772542,1,True,Territory
1983,2001,20096,Conflict_96,50096,ROU,AGO,Internal,7045.283443435445,5392.481421349247,9090.915974398613,1152.9399702021149,1,True,Both
2003,2014,20097,Conflict_97,50097,EGY,Rebel_EGY_97,Internationalized internal,1055.100191365468,1703.456483472781,2537.299729232972,748.2344528989306,2,True,Government
1989,2000,20098,Conflict_98,50098,PAK,SYR,Extrasystemic,27711.707095498823,13888.191097704284,45067.82334811113,11513.842330920796,1,True,Government
2021,2024,20099,Conflict_99,50099,ZAF,Rebel_ZAF_99,Internal,3022.985358273847,1333.2607299937854,4270.256578851945,713.7532505329716,2,True,Government
1993,1998,20100,Conflict_100,50100,PAK,Rebel_PAK_100,Internal,581.8764563062429,472.08667633873796,748.0807326941626,256.48308676178306,1,True,Government
2013,2024,20101,Conflict_101,50101,RUS,AZE,Interstate,1206.870173005659,1099.0158828426245,3544.165270479425,1080.8911213218576,1,True,Both
2019,2024,20102,Conflict_102,50102,MYS,Rebel_MYS_102,Internationalized internal,11708.977562279711,6699.841207106338,20088.627444244958,7304.003881593737,2,False,Government
2012,2024,20103,Conflict_103,50103,SVK,USA,Interstate,29414.46718237008,45798.619364573715,83346.68851945132,13065.965473234688,2,False,Both
2010,2020,20104,Conflict_104,50104,CZE,Rebel_CZE_104,Interstate,16822.030230391574,10659.231436120475,23492.254412055438,2394.230998109925,1,True,Government
2020,2024,20105,Conflict_105,50105,SRB,JPN,Internationalized internal,3867.363535122431,6351.117310434624,10940.507625609851,2870.570102009107,2,False,Territory
1994,1999,20106,Conflict_106,50106,LAO,Rebel_LAO_106,Internationalized internal,27389.995864703425,9785.204219463596,41875.21825674784,11501.076350428615,2,True,Government
1997,2015,20107,Conflict_107,50107,ETH,Rebel_ETH_107,Internationalized internal,2653.9652962576465,2115.3798135222996,4254.603021302636,915.0956667694113,2,True,Both
1994,2013,20108,Conflict_108,50108,DEU,Rebel_DEU_108,Extrasystemic,173.55417527916185,309.9904882768443,494.3200006712174,127.58756554508037,2,False,Territory
2011,2013,20109,Conflict_109,50109,UZB,Rebel_UZB_109,Internal,4831.804048873905,4486.817878989249,6582.595718310171,720.0747147652977,2,False,Both
2016,2022,20110,Conflict_110,50110,HUN,ARG,Interstate,646.7475328903907,342.92619765967714,1590.8099650360389,470.08442041101137,2,True,Both
1995,2003,20111,Conflict_111,50111,USA,LAO,Internal,751.1750580830053,663.2468801127351,1425.7940513504159,150.21961914747615,2,False,Territory
2003,2006,20112,Conflict_112,50112,IDN,Rebel_IDN_112,Internationalized internal,800.4473062636606,905.159499544804,1888.8721433641706,316.69216201812475,1,True,Government
1981,1989,20113,Conflict_113,50113,DEU,Rebel_DEU_113,Extrasystemic,4517.246194922556,5323.674727560703,13435.25050651326,3277.9545923199116,1,True,Territory
2004,2005,20114,Conflict_114,50114,RUS,Rebel_RUS_114,Internationalized internal,77138.05555873465,26374.259723697316,97233.09276472859,24275.84070760082,1,True,Government
1989,1997,20115,Conflict_115,50115,MYS,Rebel_MYS_115,Extrasystemic,27719.449476532325,30248.55160302899,80595.43388431793,8862.349076236313,1,True,Territory
1981,1987,20116,Conflict_116,50116,SAU,FRA,Internal,2003.0719605519957,3585.1325085787435,5531.667318153735,1540.1986777891855,1,True,Government
2020,2024,20117,Conflict_117,50117,DZA,Rebel_DZA_117,Interstate,4215.894336173484,3084.7929771560357,6094.875061856414,1495.191911621936,2,True,Government
1985,1988,20118,Conflict_118,50118,SVK,ETH,Interstate,1873.49177562049,1754.8431970666147,4033.275801641625,1303.8924036439348,2,False,Territory
2011,2024,20119,Conflict_119,50119,TUR,Rebel_TUR_119,Interstate,2628.49415592834,2657.149763291651,5638.64190144432,1398.2876393306708,2,True,Territory
2008,2023,20120,Conflict_120,50120,NGA,Rebel_NGA_120,Internationalized internal,69226.54701475556,98927.24309863875,142582.45840151544,15973.905974978155,2,False,Government
2015,2017,20121,Conflict_121,50121,POL,Rebel_POL_121,Interstate,5375.844887073684,5963.216797844169,8567.019735608277,1586.2381781504416,2,True,Territory
1997,2005,20122,Conflict_122,50122,IND,Rebel_IND_122,Internal,20421.66303342028,12805.14029278794,33137.511477962355,8409.788821681856,2,True,Territory
2020,2024,20123,Conflict_123,50123,ETH,Rebel_ETH_123,Interstate,1309.4142902234378,1981.5065223828358,3766.6813860458733,729.3968210592571,1,True,Both
1984,1985,20124,Conflict_124,50124,SRB,Rebel_SRB_124,Interstate,300.1197721904271,253.89226207321246,891.2285720167517,228.09407538460167,1,True,Both
1980,1985,20125,Conflict_125,50125,IDN,Rebel_IDN_125,Extrasystemic,1884.7551079431803,1394.7389396150968,4914.347152428505,545.4995520007546,2,False,Government
2016,2024,20126,Conflict_126,50126,VNM,Rebel_VNM_126,Internal,47183.529559247414,44388.649689188795,132552.96882859865,15525.406559578762,1,True,Both
2008,2009,20127,Conflict_127,50127,PHL,Rebel_PHL_127,Extrasystemic,3780.6342607618312,5293.093096502643,10750.991360103453,3294.7741819764474,2,True,Territory
2022,2024,20128,Conflict_128,50128,KAZ,Rebel_KAZ_128,Interstate,5355.111487626368,5295.981940190374,11361.78151380152,1564.7724266888235,1,True,Territory
2021,2024,20129,Conflict_129,50129,ZAF,CHL,Interstate,95583.31152739782,37575.30168363145,130209.87747256861,40077.009859363876,1,False,Both
1989,2007,20130,Conflict_130,50130,HRV,Rebel_HRV_130,Internationalized internal,15482.742647611361,14630.309727580614,22189.362346035894,6217.0790650171775,1,False,Both
1984,1993,20131,Conflict_131,50131,KEN,ALB,Interstate,55708.91237240201,76844.60616608754,121355.43257867257,48299.593376726305,2,False,Territory
2010,2019,20132,Conflict_132,50132,DEU,Rebel_DEU_132,Interstate,383.3061447144927,326.2498187386587,510.6065824626425,99.64932451907481,2,False,Territory
1986,2001,20133,Conflict_133,50133,AGO,CHL,Internal,1133.5058592008518,973.133691052472,2293.2508625324926,392.7495711583741,1,True,Territory
2005,2016,20134,Conflict_134,50134,PHL,ETH,Interstate,2907.1564014595233,2336.9388869197264,3747.5946842415765,1402.6158406199384,1,False,Territory
1984,1986,20135,Conflict_135,50135,VEN,Rebel_VEN_135,Internal,667466.1826398235,637292.8362341344,1342496.9005893364,435053.19027026865,1,False,Government
2000,2011,20136,Conflict_136,50136,GBR,Rebel_GBR_136,Internal,3568.656216401132,3935.879640488431,8953.491169251016,1417.941985488265,2,True,Government
2006,2021,20137,Conflict_137,50137,KOR,Rebel_KOR_137,Internationalized internal,21418.9457390959,13002.930251430338,32511.17792664624,12777.46419854616,1,False,Government
1986,1998,20138,Conflict_138,50138,CZE,Rebel_CZE_138,Extrasystemic,1987.6831594620267,3162.718307444515,4641.0682258990655,1137.3573236190039,2,False,Government
2021,2024,20139,Conflict_139,50139,EGY,Rebel_EGY_139,Interstate,1477.2339766037628,1477.4880517178738,2475.3854040746037,727.718192490043,2,True,Territory
2021,2024,20140,Conflict_140,50140,JPN,KHM,Internationalized internal,1367.7673914248226,1426.3020217965761,2672.1037072706554,343.7944506089303,2,True,Territory
1984,1999,20141,Conflict_141,50141,VNM,Rebel_VNM_141,Internal,1014.7239711778494,516.9848931320447,1787.4958914389656,346.20494951625574,2,True,Territory
1990,2000,20142,Conflict_142,50142,CHN,KEN,Internal,1969.8676209276002,618.4236190750211,2974.4697001741074,601.8155528664748,1,False,Government
2017,2024,20143,Conflict_143,50143,MYS,UZB,Extrasystemic,294148.9220578091,116515.99438819561,393723.3549548097,77568.01639541112,1,True,Territory
1983,1996,20144,Conflict_144,50144,VNM,Rebel_VNM_144,Internationalized internal,3874.96105201717,2751.2778943544545,5236.154046877941,1360.8101259475595,2,True,Territory
1985,1987,20145,Conflict_145,50145,ISR,SAU,Interstate,11709.905221146559,8209.5002583084,22382.336519325527,6135.949734349661,1,True,Both
2008,2023,20146,Conflict_146,50146,GBR,Rebel_GBR_146,Internationalized internal,114154.33476679315,107885.62741503745,180493.75708501737,68254.31814562387,1,True,Territory
2019,2024,20147,Conflict_147,50147,IDN,Rebel_IDN_147,Extrasystemic,5177.503928749296,2007.0981357078647,8143.55636542794,1442.339307373439,1,False,Both
1995,2007,20148,Conflict_148,50148,RUS,ETH,Extrasystemic,2852.425619369333,5545.863407092366,8296.242875514426,2207.967655737636,1,True,Territory
2002,2006,20149,Conflict_149,50149,HRV,Rebel_HRV_149,Internal,3855.6456479523213,3172.83511186735,6565.106531868458,1426.681872584779,2,True,Territory
2017,2024,20150,Conflict_150,50150,UKR,JPN,Internal,233344.94143423237,124044.06942561995,515862.3236673187,113950.91978963217,1,True,Government
1997,2011,20151,Conflict_151,50151,IDN,Rebel_IDN_151,Interstate,9148.048587780506,15760.520064258933,24976.765775108306,9411.923641935846,2,True,Government
1982,1985,20152,Conflict_152,50152,SVK,Rebel_SVK_152,Internationalized internal,1102.4459722433357,2044.1100015659654,2999.1744412294875,794.35792575006,1,False,Territory
1992,2006,20153,Conflict_153,50153,IDN,Rebel_IDN_153,Interstate,8998.807276313652,6261.017123102283,29979.41035865731,8417.19760439149,1,True,Territory
1984,2003,20154,Conflict_154,50154,PAK,Rebel_PAK_154,Internal,7699.07989111548,4741.637422427206,19980.36060608573,6689.600802315675,2,True,Territory
1995,1996,20155,Conflict_155,50155,AUS,Rebel_AUS_155,Extrasystemic,4595.2375514876285,2670.63137488737,7562.811138335466,2171.803027793804,1,True,Territory
2016,2019,20156,Conflict_156,50156,CAN,Rebel_CAN_156,Extrasystemic,325.54630363173493,434.8319517662087,1065.5634910470294,260.4271754881848,1,True,Territory
1989,1996,20157,Conflict_157,50157,AZE,IRN,Extrasystemic,10068.088203897976,7676.491587605152,12777.785241397885,4956.157809278412,2,True,Territory
1990,1994,20158,Conflict_158,50158,PAK,HRV,Interstate,73.62566488307168,100.61808972542936,148.37994897765816,20.76480957573865,1,True,Government
2020,2021,20159,Conflict_159,50159,ALB,Rebel_ALB_159,Interstate,4663.90155472018,1990.3042890210968,6095.332941296661,2037.9814391921911,1,False,Territory
1987,1995,20160,Conflict_160,50160,VNM,Rebel_VNM_160,Internationalized internal,12565.119944090242,6671.279017446521,15822.34537490221,1809.2732654423571,1,True,Government
1980,1993,20161,Conflict_161,50161,JPN,GRC,Extrasystemic,1624.093210696705,1417.4654992271958,3288.9855254936806,1307.2945297558604,2,False,Both
2007,2024,20162,Conflict_162,50162,THA,Rebel_THA_162,Interstate,56721.41702920125,44044.90244222183,182693.86367200897,71316.01314507006,1,True,Government
2004,2013,20163,Conflict_163,50163,ALB,Rebel_ALB_163,Internationalized internal,13142.54257319965,12705.769301267865,21633.58403394298,6342.345437032912,1,True,Territory
1989,1993,20164,Conflict_164,50164,DZA,Rebel_DZA_164,Internationalized internal,9733.360398183422,7283.827097645664,13788.877592218276,1908.7767292400392,2,True,Both
1988,1996,20165,Conflict_165,50165,ETH,Rebel_ETH_165,Interstate,851.2301075816682,1294.0205134405692,1948.3602097241644,589.9531114417913,2,True,Territory
2000,2003,20166,Conflict_166,50166,MYS,SRB,Internationalized internal,53418.51982304778,37950.80251322728,79244.68257989964,12217.816740403838,1,True,Territory
2001,2012,20167,Conflict_167,50167,KAZ,Rebel_KAZ_167,Interstate,1032.0904688083303,1582.2242857388107,2915.741597688284,371.93569044264643,1,False,Territory
2002,2014,20168,Conflict_168,50168,EGY,Rebel_EGY_168,Interstate,43116.22239668889,40298.48460840078,74017.86860843674,26794.237112520314,2,True,Government
1987,1997,20169,Conflict_169,50169,GBR,Rebel_GBR_169,Internal,64940.60000148621,20364.82135779833,81593.40874384738,17987.12782110518,2,False,Territory
1989,2003,20170,Conflict_170,50170,SAU,Rebel_SAU_170,Internationalized internal,623.7265794694673,1196.4728416195321,2061.1237966968483,227.9467018579655,1,False,Territory
2013,2024,20171,Conflict_171,50171,GBR,BRA,Extrasystemic,105191.64656341671,113996.66050502809,290298.3474937021,85060.18931838401,2,False,Territory
2005,2010,20172,Conflict_172,50172,RUS,Rebel_RUS_172,Internationalized internal,351.7901374639244,447.2322045971546,701.9467573002875,177.61563329680845,2,False,Territory
1983,1985,20173,Conflict_173,50173,MAR,Rebel_MAR_173,Internationalized internal,85485.17868996627,96089.16537871647,185412.50764095815,26829.17517927752,1,True,Government
2017,2021,20174,Conflict_174,50174,HUN,Rebel_HUN_174,Interstate,3039.4660224859426,1447.240622416197,6257.76648382557,2130.206756501173,1,False,Government
2012,2024,20175,Conflict_175,50175,BRA,Rebel_BRA_175,Internal,1621.9845739634113,1754.6977490948686,2522.700610033794,817.7734539511911,2,False,Both
1984,1994,20176,Conflict_176,50176,ZAF,THA,Extrasystemic,6453.697248673726,12321.723089332789,19671.824839609293,3298.2253448783918,1,True,Territory
1999,2016,20177,Conflict_177,50177,IND,Rebel_IND_177,Interstate,265.8971914450829,97.15284568736479,431.9420582651433,160.3256611363043,1,False,Government
2015,2021,20178,Conflict_178,50178,SVK,UKR,Internationalized internal,10035.741850389235,11170.248047244328,32721.548353197533,3709.919170509436,2,True,Territory
2007,2021,20179,Conflict_179,50179,CZE,MYS,Extrasystemic,2046.2087028200467,1311.3951382300504,4714.011593661396,1677.8434719132524,1,True,Government
2022,2024,20180,Conflict_180,50180,ZAF,Rebel_ZAF_180,Internationalized internal,37198.03858432388,17103.347298161338,64786.853273346765,23623.92251024031,1,True,Both
1993,1998,20181,Conflict_181,50181,IND,ARG,Extrasystemic,4926.44257011856,3652.2811996281744,8455.015307106365,3310.9975128977217,2,True,Territory
2020,2021,20182,Conflict_182,50182,ZAF,Rebel_ZAF_182,Extrasystemic,1607.0228642266788,736.3824457810032,2861.021658543833,1024.3656534681786,2,False,Territory
2001,2018,20183,Conflict_183,50183,GRC,Rebel_GRC_183,Interstate,5796.237101000468,3023.3010100666893,10687.299605932076,4100.817790723252,1,False,Government
2013,2024,20184,Conflict_184,50184,VEN,Rebel_VEN_184,Interstate,1934.9155915477547,1182.1333617678624,2751.5793728613776,318.04673141097703,2,False,Territory
1986,1990,20185,Conflict_185,50185,USA,Rebel_USA_185,Internationalized internal,81527.89195410494,70591.07319521529,110334.59551188978,39849.93506783776,1,True,Territory
2007,2024,20186,Conflict_186,50186,ALB,AUS,Interstate,8520.654182020518,7466.581075162241,17533.424821048076,3843.579502712162,1,True,Territory
1990,2002,20187,Conflict_187,50187,CZE,LAO,Extrasystemic,53387.149918288065,51801.501397980166,86486.16594462845,18922.406996820257,2,False,Government
2021,2024,20188,Conflict_188,50188,DZA,GRC,Extrasystemic,5062.575893341475,4636.117663041006,7597.841872277958,1473.5907823364482,1,False,Both
1998,2007,20189,Conflict_189,50189,DZA,Rebel_DZA_189,Extrasystemic,3368.865012507881,4581.508745377835,6620.149683685761,1988.5340790107443,1,True,Territory
2017,2022,20190,Conflict_190,50190,KAZ,AUS,Extrasystemic,37218.62954913958,17429.257284168198,47308.08700158469,8938.718010568038,1,False,Territory
2023,2024,20191,Conflict_191,50191,ALB,Rebel_ALB_191,Extrasystemic,12163.178479523258,17358.815270288665,28474.459858207774,10363.182117177505,1,True,Territory
2007,2008,20192,Conflict_192,50192,IND,Rebel_IND_192,Internal,15282.769387758859,12470.643788696974,24430.00261908224,5025.556522480071,1,False,Territory
1994,1997,20193,Conflict_193,50193,NGA,GBR,Internal,22175.88970606317,8096.470579110274,34479.39181134294,5256.880859010492,1,False,Territory
1987,1990,20194,Conflict_194,50194,AUS,Rebel_AUS_194,Extrasystemic,2040.2634203163611,2377.054119812869,4514.124770043822,1722.0999838473124,1,False,Government
2014,2024,20195,Conflict_195,50195,FRA,PAK,Internal,761.9407093578661,335.51365597908125,1313.192056562365,307.4401423468664,2,True,Both
1987,1990,20196,Conflict_196,50196,HUN,Rebel_HUN_196,Internationalized internal,3198.4612716771176,6967.5553469380975,10199.581263976343,1409.951231362363,1,False,Both
1982,1992,20197,Conflict_197,50197,HUN,Rebel_HUN_197,Internal,1375.8741057707105,1080.5448760221504,2253.048355913791,649.940088161884,1,True,Government
1993,1999,20198,Conflict_198,50198,POL,MAR,Interstate,10558.174309737371,6143.040291053569,17621.076261604012,3347.57688701353,1,False,Territory
1983,1991,20199,Conflict_199,50199,ALB,Rebel_ALB_199,Extrasystemic,3696.3078960908556,2387.032972638821,4652.28688546325,1206.779752746949,1,False,Territory
1991,1994,20200,Conflict_200,50200,DEU,Rebel_DEU_200,Internationalized internal,7002.00008020278,7583.7690119329545,17073.357938227662,5485.153004994421,1,True,Territory
2014,2024,20201,Conflict_201,50201,PAK,Rebel_PAK_201,Extrasystemic,98112.08783960456,36548.59215947536,151588.78792916518,56573.3864545318,1,True,Territory
1998,2006,20202,Conflict_202,50202,IND,Rebel_IND_202,Internal,144286.82121608485,125058.46449405391,394391.45857968146,132525.42952385164,1,False,Territory
2003,2005,20203,Conflict_203,50203,KHM,Rebel_KHM_203,Internal,32965.7922992925,42279.89037866492,65475.09813112026,6604.88628237039,1,True,Government
2006,2014,20204,Conflict_204,50204,HUN,AGO,Interstate,530.2680443313113,298.1091001771345,875.9114177691619,141.98329063122526,2,True,Territory
1987,1998,20205,Conflict_205,50205,IDN,KHM,Extrasystemic,48.64182860466397,37.87711998996989,83.00308844662418,15.608452469914228,1,False,Territory
2016,2024,20206,Conflict_206,50206,SVK,Rebel_SVK_206,Internal,64726.65337227513,65242.32470581465,118379.32564727809,47096.62893231948,1,True,Territory
1980,1988,20207,Conflict_207,50207,TUR,Rebel_TUR_207,Extrasystemic,11589.547611457785,8889.555001337256,17639.664676915272,3401.135768677145,2,False,Both
1984,1992,20208,Conflict_208,50208,KAZ,Rebel_KAZ_208,Interstate,12544.797802838006,11900.974664631134,19829.093666555706,5924.920376342517,2,True,Government
2019,2024,20209,Conflict_209,50209,NGA,Rebel_NGA_209,Extrasystemic,3345.5274930398878,2318.790651916909,4339.977556094383,1317.621469595782,1,True,Government
1989,2003,20210,Conflict_210,50210,HRV,CHN,Internal,66949.7686505881,46430.71429535867,99851.90864805828,34818.89173413167,2,False,Both
2020,2024,20211,Conflict_211,50211,PHL,Rebel_PHL_211,Internal,8482.915966305947,6891.911946128704,26355.13776064465,7052.442971280752,1,True,Government
2017,2024,20212,Conflict_212,50212,HRV,Rebel_HRV_212,Interstate,9131.84559478318,10457.970309144685,17453.507798068767,6051.597373444534,2,False,Both
2002,2010,20213,Conflict_213,50213,DEU,Rebel_DEU_213,Extrasystemic,930.6684314478229,1176.2387457824177,2966.650638033635,764.6357483834644,1,True,Territory
1986,1990,20214,Conflict_214,50214,ROU,Rebel_ROU_214,Internationalized internal,1055.636529043111,438.5880446548458,2156.758495040925,465.3472831457131,1,False,Government
2017,2022,20215,Conflict_215,50215,CHL,EGY,Internal,4044.095743243129,1696.8809081686873,6278.315021636433,1542.4370338806998,1,True,Government
1990,2003,20216,Conflict_216,50216,AUS,UZB,Interstate,5678.847458300627,3401.948641901153,12437.162775572002,3063.961702479091,1,True,Both
2016,2024,20217,Conflict_217,50217,ROU,Rebel_ROU_217,Interstate,5051.144798576954,4899.989365569181,7080.842141996375,1320.7302276260045,1,False,Territory
2011,2024,20218,Conflict_218,50218,IRN,Rebel_IRN_218,Interstate,9067.569571802711,13260.75415163538,21413.36652928365,4429.476797188104,1,False,Government
2000,2014,20219,Conflict_219,50219,TUR,DEU,Internal,535.8605915525086,688.334646255793,1400.4995968075089,560.0795935737285,1,True,Both
2015,2024,20220,Conflict_220,50220,GRC,Rebel_GRC_220,Internal,730.3106699824845,724.6833940769616,1822.787058508587,203.85660361735626,2,True,Government
1998,2000,20221,Conflict_221,50221,DEU,VEN,Extrasystemic,904.1505787192729,637.7561146842775,1343.602681957402,157.63457784087922,2,True,Territory
1991,1997,20222,Conflict_222,50222,GRC,Rebel_GRC_222,Interstate,1431.073666053603,933.3934476122473,2407.732342266451,447.20032708490646,2,True,Government
1994,2005,20223,Conflict_223,50223,ZAF,Rebel_ZAF_223,Internal,7921.453928436473,9650.542857864475,15723.656367439262,5178.717334696012,2,True,Both
1988,1996,20224,Conflict_224,50224,UKR,Rebel_UKR_224,Internal,32446.26800671065,28276.66613124569,48643.99418455784,18425.23685784209,2,True,Both
1989,1999,20225,Conflict_225,50225,IND,ALB,Internal,16.800264864551536,28.13043866280859,41.44606389089161,4.254810873417967,1,False,Government
2019,2024,20226,Conflict_226,50226,MAR,AGO,Extrasystemic,112780.16982435189,97405.4899486723,166658.55339570696,49591.27824778097,1,False,Both
1981,1989,20227,Conflict_227,50227,ISR,Rebel_ISR_227,Internationalized internal,536.7457521469489,176.9819889413893,833.8404517785168,159.9649547654458,1,True,Government
1992,2005,20228,Conflict_228,50228,MYS,HUN,Internal,242.46959716278946,107.98440124367178,336.2788922327628,81.87650044023805,1,True,Government
2010,2012,20229,Conflict_229,50229,SAU,Rebel_SAU_229,Internationalized internal,11426.610173715806,14848.653123932114,22737.199364661366,4466.693492712548,1,True,Territory
2020,2024,20230,Conflict_230,50230,IND,HUN,Internal,1970.1230100604334,1146.8688738263156,2686.0427586724695,930.5247117352947,2,True,Government
1993,2011,20231,Conflict_231,50231,KOR,JPN,Interstate,16245.603857632701,7873.223403245152,29005.607040768307,9647.37643182657,1,True,Territory
1993,1995,20232,Conflict_232,50232,HRV,Rebel_HRV_232,Extrasystemic,647.3146937117266,982.7581817416586,2157.2313724142214,246.0442593213902,1,True,Government
2002,2020,20233,Conflict_233,50233,CHL,AZE,Internationalized internal,44193.90150151548,24207.47065600968,96464.78500815871,20071.444759734808,2,True,Both
2023,2024,20234,Conflict_234,50234,POL,Rebel_POL_234,Internationalized internal,9270.679916531739,2900.140121214492,11854.495041668994,3628.729450655028,1,True,Territory
2006,2016,20235,Conflict_235,50235,UZB,IND,Extrasystemic,41901.57624959179,31065.030490791767,53512.52259253638,20614.726060105706,2,False,Territory
2000,2019,20236,Conflict_236,50236,HUN,Rebel_HUN_236,Internationalized internal,8230.033627474071,4918.232163707813,11229.254205580708,1496.783870959884,2,True,Government
2020,2024,20237,Conflict_237,50237,SVK,ROU,Internal,3979.9077427006873,2325.7251583163784,6031.745132860518,2177.0314555934156,2,False,Government
2015,2024,20238,Conflict_238,50238,ISR,Rebel_ISR_238,Interstate,2249.6079686459825,2312.692147336908,3364.9147743580293,389.1846588582007,2,True,Territory
1980,1984,20239,Conflict_239,50239,IND,POL,Extrasystemic,2288.686383596447,2946.007994935098,6433.301759163659,1159.7815072963774,2,False,Territory
2016,2022,20240,Conflict_240,50240,JPN,Rebel_JPN_240,Internal,10607.092908879427,9832.36409042781,21123.571036890324,5883.748967041138,1,True,Territory
2015,2021,20241,Conflict_241,50241,AGO,LAO,Extrasystemic,9810.1022991392,12038.601580411902,17497.79163078813,2408.834612214096,1,True,Government
2009,2018,20242,Conflict_242,50242,PAK,CAN,Interstate,10649.779053398921,8807.05135791917,18194.648229745802,5438.420454010658,1,True,Both
1988,1999,20243,Conflict_243,50243,CHL,Rebel_CHL_243,Internationalized internal,132687.1405371163,90803.19162998977,328801.8237976015,121602.93667258543,2,False,Both
2013,2024,20244,Conflict_244,50244,FRA,UKR,Internationalized internal,10653.576329113159,4680.864536876871,15474.412967430806,4916.037783977161,2,True,Both
2004,2014,20245,Conflict_245,50245,UKR,EGY,Internationalized internal,17732.624812748065,6637.6470277902345,23542.721772365432,6894.384235582859,2,False,Both
2017,2024,20246,Conflict_246,50246,MEX,Rebel_MEX_246,Internal,1143.8412306240093,633.8769972068728,1680.7744590290301,646.629833872738,2,False,Government
2001,2019,20247,Conflict_247,50247,ETH,Rebel_ETH_247,Interstate,6307.871807169424,6868.018784192348,10867.448645390798,2656.004589783247,1,False,Government
1996,2012,20248,Conflict_248,50248,DEU,Rebel_DEU_248,Internationalized internal,3888.7779176934846,2824.853337815348,6289.779826783139,1396.3450911441785,2,False,Government
1991,2002,20249,Conflict_249,50249,ROU,Rebel_ROU_249,Internal,19599.941344231895,9945.678846292267,48159.645810837676,5020.980906965299,1,False,Government
